LOCATION,GENDER,DEATH_CAUSE,CHARACTERISTICS,2018,2019,2020,2021,2022,,,,,
"Canada, place of residence",Males,Salmonella infections  [A01-A02],nr_deaths,4,3,7,7,6,,,,,
"Canada, place of residence",Males,Salmonella infections  [A01-A02],mort_rate_100K,0,0,0,0,0,,,,,
"Canada, place of residence",Males,"Shigellosis and amoebiasis  [A03, A06]",nr_deaths,0,0,0,1,0,,,,,
"Canada, place of residence",Males,"Shigellosis and amoebiasis  [A03, A06]",mort_rate_100K,0,0,0,0,0,,,,,
"Canada, place of residence",Males,"Certain other intestinal infections  [A04, A07-A09]",nr_deaths,335,311,300,253,290,,,,,
"Canada, place of residence",Males,"Certain other intestinal infections  [A04, A07-A09]",mort_rate_100K,1.9,1.7,1.6,1.3,1.4,,,,,
"Canada, place of residence",Males,Tuberculosis  [A16-A19],nr_deaths,49,51,58,67,69,,,,,
"Canada, place of residence",Males,Tuberculosis  [A16-A19],mort_rate_100K,0.3,0.3,0.3,0.3,0.3,,,,,
"Canada, place of residence",Males,Whooping cough  [A37],nr_deaths,0,2,0,0,0,,,,,
"Canada, place of residence",Males,Whooping cough  [A37],mort_rate_100K,0,0,0,0,0,,,,,
"Canada, place of residence",Males,"Scarlet fever and erysipelas  [A38, A46]",nr_deaths,0,0,0,0,1,,,,,
"Canada, place of residence",Males,"Scarlet fever and erysipelas  [A38, A46]",mort_rate_100K,0,0,0,0,0,,,,,
"Canada, place of residence",Males,Meningococcal infection  [A39],nr_deaths,1,3,4,5,3,,,,,
"Canada, place of residence",Males,Meningococcal infection  [A39],mort_rate_100K,0,0,0,0,0,,,,,
"Canada, place of residence",Males,Sepsis  [A40-A41],nr_deaths,966,985,993,992,"1,020",,,,,
"Canada, place of residence",Males,Sepsis  [A40-A41],mort_rate_100K,5.5,5.4,5.3,5.1,5.1,,,,,
"Canada, place of residence",Males,Syphilis  [A50-A53],nr_deaths,5,2,4,5,4,,,,,
"Canada, place of residence",Males,Syphilis  [A50-A53],mort_rate_100K,0,0,0,0,0,,,,,
"Canada, place of residence",Males,Acute poliomyelitis  [A80],nr_deaths,0,0,0,0,0,,,,,
"Canada, place of residence",Males,Acute poliomyelitis  [A80],mort_rate_100K,0,0,0,0,0,,,,,
"Canada, place of residence",Males,"Arthropod-borne viral encephalitis  [A83-A84, A85.2]",nr_deaths,0,1,0,2,0,,,,,
"Canada, place of residence",Males,"Arthropod-borne viral encephalitis  [A83-A84, A85.2]",mort_rate_100K,0,0,0,0,0,,,,,
"Canada, place of residence",Males,Measles  [B05],nr_deaths,0,1,0,0,0,,,,,
"Canada, place of residence",Males,Measles  [B05],mort_rate_100K,0,0,0,0,0,,,,,
"Canada, place of residence",Males,Viral hepatitis  [B15-B19],nr_deaths,238,200,168,182,144,,,,,
"Canada, place of residence",Males,Viral hepatitis  [B15-B19],mort_rate_100K,1.2,1,0.8,0.9,0.7,,,,,
"Canada, place of residence",Males,Human immunodeficiency virus [HIV] disease  [B20-B24],nr_deaths,112,81,111,107,98,,,,,
"Canada, place of residence",Males,Human immunodeficiency virus [HIV] disease  [B20-B24],mort_rate_100K,0.6,0.4,0.6,0.6,0.5,,,,,
"Canada, place of residence",Males,Malaria  [B50-B54],nr_deaths,1,0,0,0,0,,,,,
"Canada, place of residence",Males,Malaria  [B50-B54],mort_rate_100K,0,0,0,0,0,,,,,
"Canada, place of residence",Males,Other and unspecified infectious and parasitic diseases and their sequelae 25,nr_deaths,454,460,463,524,679,,,,,
"Canada, place of residence",Males,Other and unspecified infectious and parasitic diseases and their sequelae 25,mort_rate_100K,2.5,2.5,2.4,2.6,3.3,,,,,
"Canada, place of residence",Males,Malignant neoplasms  [C00-C97],nr_deaths,"42,216","42,975","43,004","43,890","43,408",,,,,
"Canada, place of residence",Males,Malignant neoplasms  [C00-C97],mort_rate_100K,225.6,222.1,215.4,213.3,204.8,,,,,
"Canada, place of residence",Males,"In situ neoplasms, benign neoplasms and neoplasms of uncertain or unknown behaviour  [D00-D48]",nr_deaths,952,988,"1,041","1,023","1,004",,,,,
"Canada, place of residence",Males,"In situ neoplasms, benign neoplasms and neoplasms of uncertain or unknown behaviour  [D00-D48]",mort_rate_100K,5.3,5.3,5.5,5.2,4.9,,,,,
"Canada, place of residence",Males,Anaemias  [D50-D64],nr_deaths,211,240,258,255,254,,,,,
"Canada, place of residence",Males,Anaemias  [D50-D64],mort_rate_100K,1.2,1.4,1.4,1.3,1.3,,,,,
"Canada, place of residence",Males,Diabetes mellitus  [E10-E14],nr_deaths,"3,785","3,934","4,310","4,090","4,261",,,,,
"Canada, place of residence",Males,Diabetes mellitus  [E10-E14],mort_rate_100K,20.6,20.7,22,20.4,20.7,,,,,
"Canada, place of residence",Males,Nutritional deficiencies  [E40-E64],nr_deaths,92,79,98,109,144,,,,,
"Canada, place of residence",Males,Nutritional deficiencies  [E40-E64],mort_rate_100K,0.5,0.4,0.5,0.6,0.7,,,,,
"Canada, place of residence",Males,"Dementia  [F010-F019, F03]",nr_deaths,"8,338","8,728","8,612","8,696","9,612",,,,,
"Canada, place of residence",Males,"Dementia  [F010-F019, F03]",mort_rate_100K,51.1,51.2,48.5,47.3,50.7,,,,,
"Canada, place of residence",Males,"Meningitis  [G00, G03]",nr_deaths,53,45,49,30,56,,,,,
"Canada, place of residence",Males,"Meningitis  [G00, G03]",mort_rate_100K,0.3,0.2,0.3,0.2,0.3,,,,,
"Canada, place of residence",Males,Parkinson's disease  [G20-G21],nr_deaths,"1,868","1,983","2,130","2,163","2,248",,,,,
"Canada, place of residence",Males,Parkinson's disease  [G20-G21],mort_rate_100K,10.8,11,11.4,11.1,11.2,,,,,
"Canada, place of residence",Males,Alzheimer's disease  [G30],nr_deaths,"2,101","1,998","1,940","1,808","1,754",,,,,
"Canada, place of residence",Males,Alzheimer's disease  [G30],mort_rate_100K,12.7,11.6,10.8,9.7,9,,,,,
"Canada, place of residence",Males,Major cardiovascular diseases  [I00-I78],nr_deaths,"37,509","37,308","38,530","39,020","40,466",,,,,
"Canada, place of residence",Males,Major cardiovascular diseases  [I00-I78],mort_rate_100K,210.9,202.2,201.4,197.9,199.3,,,,,
"Canada, place of residence",Males,Other disorders of circulatory system  [I80-I99],nr_deaths,174,189,197,215,181,,,,,
"Canada, place of residence",Males,Other disorders of circulatory system  [I80-I99],mort_rate_100K,0.9,1,1,1.1,0.9,,,,,
"Canada, place of residence",Males,Influenza and pneumonia  [J09-J18],nr_deaths,"3,990","3,292","3,000","2,142","3,017",,,,,
"Canada, place of residence",Males,Influenza and pneumonia  [J09-J18],mort_rate_100K,23.5,18.5,16.2,11.3,15.3,,,,,
"Canada, place of residence",Males,Other acute lower respiratory infections  [J20-J22],nr_deaths,55,29,26,10,21,,,,,
"Canada, place of residence",Males,Other acute lower respiratory infections  [J20-J22],mort_rate_100K,0.3,0.2,0.1,0.1,0.1,,,,,
"Canada, place of residence",Males,Chronic lower respiratory diseases  [J40-J47],nr_deaths,"6,482","6,388","5,998","5,639","6,208",,,,,
"Canada, place of residence",Males,Chronic lower respiratory diseases  [J40-J47],mort_rate_100K,36,34,30.7,27.8,29.5,,,,,
"Canada, place of residence",Males,"Pneumoconioses and chemical effects  [J60-J66, J68]",nr_deaths,108,105,111,117,102,,,,,
"Canada, place of residence",Males,"Pneumoconioses and chemical effects  [J60-J66, J68]",mort_rate_100K,0.6,0.6,0.6,0.6,0.5,,,,,
"Canada, place of residence",Males,Pneumonitis due to solids and liquids  [J69],nr_deaths,940,890,976,"1,127","1,253",,,,,
"Canada, place of residence",Males,Pneumonitis due to solids and liquids  [J69],mort_rate_100K,5.6,5.1,5.3,6,6.4,,,,,
"Canada, place of residence",Males,"Other diseases of respiratory system  [J00-J06, J30-J39, J67, J70-J98]",nr_deaths,"2,219","2,184","2,129","2,251","2,488",,,,,
"Canada, place of residence",Males,"Other diseases of respiratory system  [J00-J06, J30-J39, J67, J70-J98]",mort_rate_100K,12.3,11.6,11,11.2,12,,,,,
"Canada, place of residence",Males,Peptic ulcer  [K25-K28],nr_deaths,228,252,306,319,299,,,,,
"Canada, place of residence",Males,Peptic ulcer  [K25-K28],mort_rate_100K,1.3,1.3,1.6,1.6,1.4,,,,,
"Canada, place of residence",Males,Diseases of appendix  [K35-K38],nr_deaths,20,23,28,29,37,,,,,
"Canada, place of residence",Males,Diseases of appendix  [K35-K38],mort_rate_100K,0.1,0.1,0.2,0.1,0.2,,,,,
"Canada, place of residence",Males,Hernia  [K40-K46],nr_deaths,202,219,189,221,229,,,,,
"Canada, place of residence",Males,Hernia  [K40-K46],mort_rate_100K,1.2,1.2,1,1.1,1.2,,,,,
"Canada, place of residence",Males,"Chronic liver disease and cirrhosis  [K70, K73-K74]",nr_deaths,"2,256","2,394","2,700","2,923","2,881",,,,,
"Canada, place of residence",Males,"Chronic liver disease and cirrhosis  [K70, K73-K74]",mort_rate_100K,11.7,12.1,13.5,14.4,13.9,,,,,
"Canada, place of residence",Males,Cholelithiasis and other disorders of gallbladder  [K80-K82],nr_deaths,217,227,269,331,313,,,,,
"Canada, place of residence",Males,Cholelithiasis and other disorders of gallbladder  [K80-K82],mort_rate_100K,1.3,1.3,1.4,1.7,1.6,,,,,
"Canada, place of residence",Males,"Nephritis, nephrotic syndrome and nephrosis  [N00-N07, N17-N19, N25-N27]",nr_deaths,"1,732","1,910","2,042","2,016","2,165",,,,,
"Canada, place of residence",Males,"Nephritis, nephrotic syndrome and nephrosis  [N00-N07, N17-N19, N25-N27]",mort_rate_100K,10.1,10.7,11,10.5,10.9,,,,,
"Canada, place of residence",Males,"Infections of kidney  [N10-N12, N13.6, N15.1]",nr_deaths,62,67,83,84,90,,,,,
"Canada, place of residence",Males,"Infections of kidney  [N10-N12, N13.6, N15.1]",mort_rate_100K,0.4,0.4,0.4,0.4,0.5,,,,,
"Canada, place of residence",Males,Hyperplasia of prostate  [N40],nr_deaths,150,123,188,172,203,,,,,
"Canada, place of residence",Males,Hyperplasia of prostate  [N40],mort_rate_100K,0.9,0.7,1.1,0.9,1.1,,,,,
"Canada, place of residence",Males,Inflammatory diseases of female pelvic organs  [N70-N76],nr_deaths,...,...,...,...,...,,,,,
"Canada, place of residence",Males,Inflammatory diseases of female pelvic organs  [N70-N76],mort_rate_100K,...,...,...,...,...,,,,,
"Canada, place of residence",Males,"Pregnancy, childbirth and the puerperium  [O00-O99]",nr_deaths,...,...,...,...,...,,,,,
"Canada, place of residence",Males,"Pregnancy, childbirth and the puerperium  [O00-O99]",mort_rate_100K,...,...,...,...,...,,,,,
"Canada, place of residence",Males,Certain conditions originating in the perinatal period  [P00-P96],nr_deaths,577,587,540,557,518,,,,,
"Canada, place of residence",Males,Certain conditions originating in the perinatal period  [P00-P96],mort_rate_100K,3.3,3.4,3.1,3.3,3,,,,,
"Canada, place of residence",Males,"Congenital malformations, deformations and chromosomal abnormalities  [Q00-Q99]",nr_deaths,563,534,527,485,568,,,,,
"Canada, place of residence",Males,"Congenital malformations, deformations and chromosomal abnormalities  [Q00-Q99]",mort_rate_100K,3.1,2.9,2.9,2.6,3,,,,,
"Canada, place of residence",Males,"Symptoms, signs and abnormal clinical and laboratory findings, not elsewhere classified  [R00-R99]",nr_deaths,"2,537","2,535","5,076","6,637","10,639",,,,,
"Canada, place of residence",Males,"Symptoms, signs and abnormal clinical and laboratory findings, not elsewhere classified  [R00-R99]",mort_rate_100K,14.1,13.8,27,34.6,53.9,,,,,
"Canada, place of residence",Males,"COVID-19  [U07.1, U07.2, U10.9]",nr_deaths,..,..,"7,702","8,098","10,597",,,,,
"Canada, place of residence",Males,"COVID-19  [U07.1, U07.2, U10.9]",mort_rate_100K,..,..,41.3,40.8,53.2,,,,,
"Canada, place of residence",Males,All other diseases (residual) 26,nr_deaths,"10,329","10,760","11,536","11,869","12,709",,,,,
"Canada, place of residence",Males,All other diseases (residual) 26,mort_rate_100K,56.9,57.3,59.5,59.7,62,,,,,
"Canada, place of residence",Males,"Accidents (unintentional injuries)  [V01-X59, Y85-Y86]",nr_deaths,"9,526","9,064","10,156","11,704","10,768",,,,,
"Canada, place of residence",Males,"Accidents (unintentional injuries)  [V01-X59, Y85-Y86]",mort_rate_100K,53.4,49.7,54.7,62,55.8,,,,,
"Canada, place of residence",Males,"Intentional self-harm (suicide)  [X60-X84, Y87.0]",nr_deaths,"3,444","3,481","3,112","2,822","2,688",,,,,
"Canada, place of residence",Males,"Intentional self-harm (suicide)  [X60-X84, Y87.0]",mort_rate_100K,18.9,18.7,16.5,14.9,13.9,,,,,
"Canada, place of residence",Males,"Assault (homicide)  [X85-Y09, Y87.1]",nr_deaths,387,410,438,338,234,,,,,
"Canada, place of residence",Males,"Assault (homicide)  [X85-Y09, Y87.1]",mort_rate_100K,2.1,2.2,2.3,1.8,1.2,,,,,
"Canada, place of residence",Males,"Legal intervention  [Y35, Y89.0]",nr_deaths,16,12,22,10,9,,,,,
"Canada, place of residence",Males,"Legal intervention  [Y35, Y89.0]",mort_rate_100K,0.1,0.1,0.1,0.1,0,,,,,
"Canada, place of residence",Males,"Events of undetermined intent  [Y10-Y34, Y87.2, Y89.9]",nr_deaths,183,208,200,254,176,,,,,
"Canada, place of residence",Males,"Events of undetermined intent  [Y10-Y34, Y87.2, Y89.9]",mort_rate_100K,1,1.1,1.1,1.4,0.9,,,,,
"Canada, place of residence",Males,"Operations of war and their sequelae  [Y36, Y89.1]",nr_deaths,0,0,1,1,0,,,,,
"Canada, place of residence",Males,"Operations of war and their sequelae  [Y36, Y89.1]",mort_rate_100K,0,0,0,0,0,,,,,
"Canada, place of residence",Males,"Complications of medical and surgical care  [Y40-Y84, Y88]",nr_deaths,84,81,90,121,149,,,,,
"Canada, place of residence",Males,"Complications of medical and surgical care  [Y40-Y84, Y88]",mort_rate_100K,0.4,0.4,0.5,0.6,0.7,,,,,
"Canada, place of residence",Females,Salmonella infections  [A01-A02],nr_deaths,3,3,2,4,6,,,,,
"Canada, place of residence",Females,Salmonella infections  [A01-A02],mort_rate_100K,0,0,0,0,0,,,,,
"Canada, place of residence",Females,"Shigellosis and amoebiasis  [A03, A06]",nr_deaths,1,0,0,0,0,,,,,
"Canada, place of residence",Females,"Shigellosis and amoebiasis  [A03, A06]",mort_rate_100K,0,0,0,0,0,,,,,
"Canada, place of residence",Females,"Certain other intestinal infections  [A04, A07-A09]",nr_deaths,545,495,482,405,482,,,,,
"Canada, place of residence",Females,"Certain other intestinal infections  [A04, A07-A09]",mort_rate_100K,2.1,1.9,1.8,1.5,1.7,,,,,
"Canada, place of residence",Females,Tuberculosis  [A16-A19],nr_deaths,35,20,41,43,50,,,,,
"Canada, place of residence",Females,Tuberculosis  [A16-A19],mort_rate_100K,0.1,0.1,0.2,0.2,0.2,,,,,
"Canada, place of residence",Females,Whooping cough  [A37],nr_deaths,1,0,0,0,0,,,,,
"Canada, place of residence",Females,Whooping cough  [A37],mort_rate_100K,0,0,0,0,0,,,,,
"Canada, place of residence",Females,"Scarlet fever and erysipelas  [A38, A46]",nr_deaths,0,0,0,0,0,,,,,
"Canada, place of residence",Females,"Scarlet fever and erysipelas  [A38, A46]",mort_rate_100K,0,0,0,0,0,,,,,
"Canada, place of residence",Females,Meningococcal infection  [A39],nr_deaths,5,6,4,2,3,,,,,
"Canada, place of residence",Females,Meningococcal infection  [A39],mort_rate_100K,0,0,0,0,0,,,,,
"Canada, place of residence",Females,Sepsis  [A40-A41],nr_deaths,"1,229","1,154","1,253","1,072","1,163",,,,,
"Canada, place of residence",Females,Sepsis  [A40-A41],mort_rate_100K,4.9,4.5,4.7,3.9,4.2,,,,,
"Canada, place of residence",Females,Syphilis  [A50-A53],nr_deaths,2,1,2,1,0,,,,,
"Canada, place of residence",Females,Syphilis  [A50-A53],mort_rate_100K,0,0,0,0,0,,,,,
"Canada, place of residence",Females,Acute poliomyelitis  [A80],nr_deaths,0,0,0,0,0,,,,,
"Canada, place of residence",Females,Acute poliomyelitis  [A80],mort_rate_100K,0,0,0,0,0,,,,,
"Canada, place of residence",Females,"Arthropod-borne viral encephalitis  [A83-A84, A85.2]",nr_deaths,0,0,0,0,0,,,,,
"Canada, place of residence",Females,"Arthropod-borne viral encephalitis  [A83-A84, A85.2]",mort_rate_100K,0,0,0,0,0,,,,,
"Canada, place of residence",Females,Measles  [B05],nr_deaths,0,0,0,0,0,,,,,
"Canada, place of residence",Females,Measles  [B05],mort_rate_100K,0,0,0,0,0,,,,,
"Canada, place of residence",Females,Viral hepatitis  [B15-B19],nr_deaths,119,111,94,89,66,,,,,
"Canada, place of residence",Females,Viral hepatitis  [B15-B19],mort_rate_100K,0.6,0.5,0.4,0.4,0.3,,,,,
"Canada, place of residence",Females,Human immunodeficiency virus [HIV] disease  [B20-B24],nr_deaths,30,24,25,26,31,,,,,
"Canada, place of residence",Females,Human immunodeficiency virus [HIV] disease  [B20-B24],mort_rate_100K,0.2,0.1,0.1,0.1,0.2,,,,,
"Canada, place of residence",Females,Malaria  [B50-B54],nr_deaths,0,0,0,0,1,,,,,
"Canada, place of residence",Females,Malaria  [B50-B54],mort_rate_100K,0,0,0,0,0,,,,,
"Canada, place of residence",Females,Other and unspecified infectious and parasitic diseases and their sequelae 25,nr_deaths,462,462,455,445,658,,,,,
"Canada, place of residence",Females,Other and unspecified infectious and parasitic diseases and their sequelae 25,mort_rate_100K,1.9,1.9,1.7,1.7,2.5,,,,,
"Canada, place of residence",Females,Malignant neoplasms  [C00-C97],nr_deaths,"37,510","37,397","38,238","38,932","39,004",,,,,
"Canada, place of residence",Females,Malignant neoplasms  [C00-C97],mort_rate_100K,164.4,159.7,159.2,157.7,154.2,,,,,
"Canada, place of residence",Females,"In situ neoplasms, benign neoplasms and neoplasms of uncertain or unknown behaviour  [D00-D48]",nr_deaths,800,779,819,770,799,,,,,
"Canada, place of residence",Females,"In situ neoplasms, benign neoplasms and neoplasms of uncertain or unknown behaviour  [D00-D48]",mort_rate_100K,3.3,3.1,3.2,2.9,2.9,,,,,
"Canada, place of residence",Females,Anaemias  [D50-D64],nr_deaths,312,303,369,397,400,,,,,
"Canada, place of residence",Females,Anaemias  [D50-D64],mort_rate_100K,1.2,1.1,1.3,1.3,1.3,,,,,
"Canada, place of residence",Females,Diabetes mellitus  [E10-E14],nr_deaths,"3,079","3,053","3,344","3,382","3,296",,,,,
"Canada, place of residence",Females,Diabetes mellitus  [E10-E14],mort_rate_100K,12.8,12.4,13.2,13,12.3,,,,,
"Canada, place of residence",Females,Nutritional deficiencies  [E40-E64],nr_deaths,158,138,156,165,177,,,,,
"Canada, place of residence",Females,Nutritional deficiencies  [E40-E64],mort_rate_100K,0.6,0.5,0.6,0.6,0.6,,,,,
"Canada, place of residence",Females,"Dementia  [F010-F019, F03]",nr_deaths,"14,709","15,250","15,024","14,920","16,382",,,,,
"Canada, place of residence",Females,"Dementia  [F010-F019, F03]",mort_rate_100K,51.9,52.5,50.6,49.2,53,,,,,
"Canada, place of residence",Females,"Meningitis  [G00, G03]",nr_deaths,40,32,27,28,33,,,,,
"Canada, place of residence",Females,"Meningitis  [G00, G03]",mort_rate_100K,0.2,0.2,0.1,0.1,0.1,,,,,
"Canada, place of residence",Females,Parkinson's disease  [G20-G21],nr_deaths,"1,236","1,172","1,328","1,326","1,369",,,,,
"Canada, place of residence",Females,Parkinson's disease  [G20-G21],mort_rate_100K,5,4.6,5.1,4.9,4.9,,,,,
"Canada, place of residence",Females,Alzheimer's disease  [G30],nr_deaths,"4,338","4,183","3,848","3,663","3,659",,,,,
"Canada, place of residence",Females,Alzheimer's disease  [G30],mort_rate_100K,15.9,14.9,13.3,12.4,12.2,,,,,
"Canada, place of residence",Females,Major cardiovascular diseases  [I00-I78],nr_deaths,"34,998","34,727","34,991","34,998","36,173",,,,,
"Canada, place of residence",Females,Major cardiovascular diseases  [I00-I78],mort_rate_100K,134.5,129.8,128.2,125,126.7,,,,,
"Canada, place of residence",Females,Other disorders of circulatory system  [I80-I99],nr_deaths,180,212,222,204,224,,,,,
"Canada, place of residence",Females,Other disorders of circulatory system  [I80-I99],mort_rate_100K,0.8,0.9,0.9,0.9,0.9,,,,,
"Canada, place of residence",Females,Influenza and pneumonia  [J09-J18],nr_deaths,"4,604","3,653","3,037","1,973","2,968",,,,,
"Canada, place of residence",Females,Influenza and pneumonia  [J09-J18],mort_rate_100K,17.2,13.5,11,6.9,10.4,,,,,
"Canada, place of residence",Females,Other acute lower respiratory infections  [J20-J22],nr_deaths,90,46,44,18,28,,,,,
"Canada, place of residence",Females,Other acute lower respiratory infections  [J20-J22],mort_rate_100K,0.3,0.2,0.2,0.1,0.1,,,,,
"Canada, place of residence",Females,Chronic lower respiratory diseases  [J40-J47],nr_deaths,"6,588","6,514","5,846","5,379","6,254",,,,,
"Canada, place of residence",Females,Chronic lower respiratory diseases  [J40-J47],mort_rate_100K,27.1,26,22.7,20.3,23.1,,,,,
"Canada, place of residence",Females,"Pneumoconioses and chemical effects  [J60-J66, J68]",nr_deaths,6,5,8,10,7,,,,,
"Canada, place of residence",Females,"Pneumoconioses and chemical effects  [J60-J66, J68]",mort_rate_100K,0,0,0,0,0,,,,,
"Canada, place of residence",Females,Pneumonitis due to solids and liquids  [J69],nr_deaths,676,683,710,785,851,,,,,
"Canada, place of residence",Females,Pneumonitis due to solids and liquids  [J69],mort_rate_100K,2.5,2.5,2.5,2.7,2.9,,,,,
"Canada, place of residence",Females,"Other diseases of respiratory system  [J00-J06, J30-J39, J67, J70-J98]",nr_deaths,"1,709","1,798","1,675","1,586","1,841",,,,,
"Canada, place of residence",Females,"Other diseases of respiratory system  [J00-J06, J30-J39, J67, J70-J98]",mort_rate_100K,7,7.1,6.5,6,6.9,,,,,
"Canada, place of residence",Females,Peptic ulcer  [K25-K28],nr_deaths,215,238,249,256,262,,,,,
"Canada, place of residence",Females,Peptic ulcer  [K25-K28],mort_rate_100K,0.9,0.9,0.9,1,1,,,,,
"Canada, place of residence",Females,Diseases of appendix  [K35-K38],nr_deaths,20,24,20,28,27,,,,,
"Canada, place of residence",Females,Diseases of appendix  [K35-K38],mort_rate_100K,0.1,0.1,0.1,0.1,0.1,,,,,
"Canada, place of residence",Females,Hernia  [K40-K46],nr_deaths,221,227,240,243,269,,,,,
"Canada, place of residence",Females,Hernia  [K40-K46],mort_rate_100K,0.9,0.9,0.9,0.9,1,,,,,
"Canada, place of residence",Females,"Chronic liver disease and cirrhosis  [K70, K73-K74]",nr_deaths,"1,317","1,314","1,499","1,694","1,649",,,,,
"Canada, place of residence",Females,"Chronic liver disease and cirrhosis  [K70, K73-K74]",mort_rate_100K,6.3,6.1,7,7.7,7.3,,,,,
"Canada, place of residence",Females,Cholelithiasis and other disorders of gallbladder  [K80-K82],nr_deaths,240,261,242,298,252,,,,,
"Canada, place of residence",Females,Cholelithiasis and other disorders of gallbladder  [K80-K82],mort_rate_100K,0.9,1,0.9,1.1,0.9,,,,,
"Canada, place of residence",Females,"Nephritis, nephrotic syndrome and nephrosis  [N00-N07, N17-N19, N25-N27]",nr_deaths,"1,881","1,860","2,023","1,962","2,069",,,,,
"Canada, place of residence",Females,"Nephritis, nephrotic syndrome and nephrosis  [N00-N07, N17-N19, N25-N27]",mort_rate_100K,7.3,7,7.5,7,7.3,,,,,
"Canada, place of residence",Females,"Infections of kidney  [N10-N12, N13.6, N15.1]",nr_deaths,101,101,105,119,117,,,,,
"Canada, place of residence",Females,"Infections of kidney  [N10-N12, N13.6, N15.1]",mort_rate_100K,0.4,0.4,0.4,0.4,0.4,,,,,
"Canada, place of residence",Females,Hyperplasia of prostate  [N40],nr_deaths,...,...,...,...,...,,,,,
"Canada, place of residence",Females,Hyperplasia of prostate  [N40],mort_rate_100K,...,...,...,...,...,,,,,
"Canada, place of residence",Females,Inflammatory diseases of female pelvic organs  [N70-N76],nr_deaths,17,20,26,41,34,,,,,
"Canada, place of residence",Females,Inflammatory diseases of female pelvic organs  [N70-N76],mort_rate_100K,0.1,0.1,0.1,0.2,0.1,,,,,
"Canada, place of residence",Females,"Pregnancy, childbirth and the puerperium  [O00-O99]",nr_deaths,34,32,34,30,30,,,,,
"Canada, place of residence",Females,"Pregnancy, childbirth and the puerperium  [O00-O99]",mort_rate_100K,0.2,0.2,0.2,0.2,0.2,,,,,
"Canada, place of residence",Females,Certain conditions originating in the perinatal period  [P00-P96],nr_deaths,456,422,399,407,441,,,,,
"Canada, place of residence",Females,Certain conditions originating in the perinatal period  [P00-P96],mort_rate_100K,2.7,2.5,2.4,2.5,2.7,,,,,
"Canada, place of residence",Females,"Congenital malformations, deformations and chromosomal abnormalities  [Q00-Q99]",nr_deaths,521,475,533,445,469,,,,,
"Canada, place of residence",Females,"Congenital malformations, deformations and chromosomal abnormalities  [Q00-Q99]",mort_rate_100K,2.8,2.5,2.8,2.3,2.4,,,,,
"Canada, place of residence",Females,"Symptoms, signs and abnormal clinical and laboratory findings, not elsewhere classified  [R00-R99]",nr_deaths,"2,298","2,294","3,152","4,259","7,055",,,,,
"Canada, place of residence",Females,"Symptoms, signs and abnormal clinical and laboratory findings, not elsewhere classified  [R00-R99]",mort_rate_100K,9.7,9.2,13.3,18,29.3,,,,,
"Canada, place of residence",Females,"COVID-19  [U07.1, U07.2, U10.9]",nr_deaths,..,..,"8,188","6,368","9,119",,,,,
"Canada, place of residence",Females,"COVID-19  [U07.1, U07.2, U10.9]",mort_rate_100K,..,..,29.4,24.2,32.1,,,,,
"Canada, place of residence",Females,All other diseases (residual) 26,nr_deaths,"11,381","11,588","11,909","12,356","13,496",,,,,
"Canada, place of residence",Females,All other diseases (residual) 26,mort_rate_100K,47.1,46.8,47.3,47.8,50.6,,,,,
"Canada, place of residence",Females,"Accidents (unintentional injuries)  [V01-X59, Y85-Y86]",nr_deaths,"6,329","6,463","6,662","7,553","7,597",,,,,
"Canada, place of residence",Females,"Accidents (unintentional injuries)  [V01-X59, Y85-Y86]",mort_rate_100K,27.2,27,27.4,31,29.5,,,,,
"Canada, place of residence",Females,"Intentional self-harm (suicide)  [X60-X84, Y87.0]",nr_deaths,"1,132","1,100","1,040",947,905,,,,,
"Canada, place of residence",Females,"Intentional self-harm (suicide)  [X60-X84, Y87.0]",mort_rate_100K,6.2,5.9,5.5,5,4.7,,,,,
"Canada, place of residence",Females,"Assault (homicide)  [X85-Y09, Y87.1]",nr_deaths,130,121,121,93,72,,,,,
"Canada, place of residence",Females,"Assault (homicide)  [X85-Y09, Y87.1]",mort_rate_100K,0.7,0.6,0.6,0.5,0.4,,,,,
"Canada, place of residence",Females,"Legal intervention  [Y35, Y89.0]",nr_deaths,2,2,0,1,0,,,,,
"Canada, place of residence",Females,"Legal intervention  [Y35, Y89.0]",mort_rate_100K,0,0,0,0,0,,,,,
"Canada, place of residence",Females,"Events of undetermined intent  [Y10-Y34, Y87.2, Y89.9]",nr_deaths,89,115,125,106,94,,,,,
"Canada, place of residence",Females,"Events of undetermined intent  [Y10-Y34, Y87.2, Y89.9]",mort_rate_100K,0.5,0.6,0.6,0.5,0.5,,,,,
"Canada, place of residence",Females,"Operations of war and their sequelae  [Y36, Y89.1]",nr_deaths,0,0,0,0,0,,,,,
"Canada, place of residence",Females,"Operations of war and their sequelae  [Y36, Y89.1]",mort_rate_100K,0,0,0,0,0,,,,,
"Canada, place of residence",Females,"Complications of medical and surgical care  [Y40-Y84, Y88]",nr_deaths,84,81,79,84,130,,,,,
"Canada, place of residence",Females,"Complications of medical and surgical care  [Y40-Y84, Y88]",mort_rate_100K,0.4,0.3,0.3,0.3,0.5,,,,,
"Newfoundland and Labrador, place of residence",Males,Salmonella infections  [A01-A02],nr_deaths,0,0,0,0,0,,,,,
"Newfoundland and Labrador, place of residence",Males,Salmonella infections  [A01-A02],mort_rate_100K,0,0,0,0,0,,,,,
"Newfoundland and Labrador, place of residence",Males,"Shigellosis and amoebiasis  [A03, A06]",nr_deaths,0,0,0,0,0,,,,,
"Newfoundland and Labrador, place of residence",Males,"Shigellosis and amoebiasis  [A03, A06]",mort_rate_100K,0,0,0,0,0,,,,,
"Newfoundland and Labrador, place of residence",Males,"Certain other intestinal infections  [A04, A07-A09]",nr_deaths,5,4,5,8,3,,,,,
"Newfoundland and Labrador, place of residence",Males,"Certain other intestinal infections  [A04, A07-A09]",mort_rate_100K,1.5,1.7,1.6,2.9,0.8,,,,,
"Newfoundland and Labrador, place of residence",Males,Tuberculosis  [A16-A19],nr_deaths,1,0,0,0,0,,,,,
"Newfoundland and Labrador, place of residence",Males,Tuberculosis  [A16-A19],mort_rate_100K,0.4,0,0,0,0,,,,,
"Newfoundland and Labrador, place of residence",Males,Whooping cough  [A37],nr_deaths,0,0,0,0,0,,,,,
"Newfoundland and Labrador, place of residence",Males,Whooping cough  [A37],mort_rate_100K,0,0,0,0,0,,,,,
"Newfoundland and Labrador, place of residence",Males,"Scarlet fever and erysipelas  [A38, A46]",nr_deaths,0,0,0,0,0,,,,,
"Newfoundland and Labrador, place of residence",Males,"Scarlet fever and erysipelas  [A38, A46]",mort_rate_100K,0,0,0,0,0,,,,,
"Newfoundland and Labrador, place of residence",Males,Meningococcal infection  [A39],nr_deaths,0,0,0,0,0,,,,,
"Newfoundland and Labrador, place of residence",Males,Meningococcal infection  [A39],mort_rate_100K,0,0,0,0,0,,,,,
"Newfoundland and Labrador, place of residence",Males,Sepsis  [A40-A41],nr_deaths,19,15,23,31,18,,,,,
"Newfoundland and Labrador, place of residence",Males,Sepsis  [A40-A41],mort_rate_100K,6.3,5.8,7.2,10,6.2,,,,,
"Newfoundland and Labrador, place of residence",Males,Syphilis  [A50-A53],nr_deaths,0,0,0,0,0,,,,,
"Newfoundland and Labrador, place of residence",Males,Syphilis  [A50-A53],mort_rate_100K,0,0,0,0,0,,,,,
"Newfoundland and Labrador, place of residence",Males,Acute poliomyelitis  [A80],nr_deaths,0,0,0,0,0,,,,,
"Newfoundland and Labrador, place of residence",Males,Acute poliomyelitis  [A80],mort_rate_100K,0,0,0,0,0,,,,,
"Newfoundland and Labrador, place of residence",Males,"Arthropod-borne viral encephalitis  [A83-A84, A85.2]",nr_deaths,0,0,0,0,0,,,,,
"Newfoundland and Labrador, place of residence",Males,"Arthropod-borne viral encephalitis  [A83-A84, A85.2]",mort_rate_100K,0,0,0,0,0,,,,,
"Newfoundland and Labrador, place of residence",Males,Measles  [B05],nr_deaths,0,0,0,0,0,,,,,
"Newfoundland and Labrador, place of residence",Males,Measles  [B05],mort_rate_100K,0,0,0,0,0,,,,,
"Newfoundland and Labrador, place of residence",Males,Viral hepatitis  [B15-B19],nr_deaths,1,1,1,3,2,,,,,
"Newfoundland and Labrador, place of residence",Males,Viral hepatitis  [B15-B19],mort_rate_100K,0.4,0.2,0.2,1.2,0.8,,,,,
"Newfoundland and Labrador, place of residence",Males,Human immunodeficiency virus [HIV] disease  [B20-B24],nr_deaths,0,2,0,2,1,,,,,
"Newfoundland and Labrador, place of residence",Males,Human immunodeficiency virus [HIV] disease  [B20-B24],mort_rate_100K,0,0.7,0,0.7,0.4,,,,,
"Newfoundland and Labrador, place of residence",Males,Malaria  [B50-B54],nr_deaths,0,0,0,0,0,,,,,
"Newfoundland and Labrador, place of residence",Males,Malaria  [B50-B54],mort_rate_100K,0,0,0,0,0,,,,,
"Newfoundland and Labrador, place of residence",Males,Other and unspecified infectious and parasitic diseases and their sequelae 25,nr_deaths,5,3,11,10,8,,,,,
"Newfoundland and Labrador, place of residence",Males,Other and unspecified infectious and parasitic diseases and their sequelae 25,mort_rate_100K,2,0.9,3.7,3.3,3.1,,,,,
"Newfoundland and Labrador, place of residence",Males,Malignant neoplasms  [C00-C97],nr_deaths,778,849,875,920,784,,,,,
"Newfoundland and Labrador, place of residence",Males,Malignant neoplasms  [C00-C97],mort_rate_100K,258.7,274.6,270.5,279.4,227.5,,,,,
"Newfoundland and Labrador, place of residence",Males,"In situ neoplasms, benign neoplasms and neoplasms of uncertain or unknown behaviour  [D00-D48]",nr_deaths,23,14,14,19,23,,,,,
"Newfoundland and Labrador, place of residence",Males,"In situ neoplasms, benign neoplasms and neoplasms of uncertain or unknown behaviour  [D00-D48]",mort_rate_100K,7.8,5,5.1,5.7,6.9,,,,,
"Newfoundland and Labrador, place of residence",Males,Anaemias  [D50-D64],nr_deaths,3,7,4,1,5,,,,,
"Newfoundland and Labrador, place of residence",Males,Anaemias  [D50-D64],mort_rate_100K,1.3,2.7,1.5,0.2,1.7,,,,,
"Newfoundland and Labrador, place of residence",Males,Diabetes mellitus  [E10-E14],nr_deaths,99,114,150,127,124,,,,,
"Newfoundland and Labrador, place of residence",Males,Diabetes mellitus  [E10-E14],mort_rate_100K,34.4,38.3,51.3,41.6,38.2,,,,,
"Newfoundland and Labrador, place of residence",Males,Nutritional deficiencies  [E40-E64],nr_deaths,2,1,1,2,0,,,,,
"Newfoundland and Labrador, place of residence",Males,Nutritional deficiencies  [E40-E64],mort_rate_100K,0.5,0.3,0.2,0.8,0,,,,,
"Newfoundland and Labrador, place of residence",Males,"Dementia  [F010-F019, F03]",nr_deaths,140,180,145,176,157,,,,,
"Newfoundland and Labrador, place of residence",Males,"Dementia  [F010-F019, F03]",mort_rate_100K,58.9,74.4,55.5,67.2,54.9,,,,,
"Newfoundland and Labrador, place of residence",Males,"Meningitis  [G00, G03]",nr_deaths,0,0,1,1,2,,,,,
"Newfoundland and Labrador, place of residence",Males,"Meningitis  [G00, G03]",mort_rate_100K,0,0,0.3,0.4,0.7,,,,,
"Newfoundland and Labrador, place of residence",Males,Parkinson's disease  [G20-G21],nr_deaths,27,35,39,29,38,,,,,
"Newfoundland and Labrador, place of residence",Males,Parkinson's disease  [G20-G21],mort_rate_100K,9.4,11.4,13.1,9.1,11.9,,,,,
"Newfoundland and Labrador, place of residence",Males,Alzheimer's disease  [G30],nr_deaths,24,14,16,12,25,,,,,
"Newfoundland and Labrador, place of residence",Males,Alzheimer's disease  [G30],mort_rate_100K,9.7,5.3,5.7,3.9,8,,,,,
"Newfoundland and Labrador, place of residence",Males,Major cardiovascular diseases  [I00-I78],nr_deaths,759,754,783,798,722,,,,,
"Newfoundland and Labrador, place of residence",Males,Major cardiovascular diseases  [I00-I78],mort_rate_100K,275.9,264.2,273.3,260,223.2,,,,,
"Newfoundland and Labrador, place of residence",Males,Other disorders of circulatory system  [I80-I99],nr_deaths,1,2,0,5,2,,,,,
"Newfoundland and Labrador, place of residence",Males,Other disorders of circulatory system  [I80-I99],mort_rate_100K,0.2,0.7,0,1.4,0.6,,,,,
"Newfoundland and Labrador, place of residence",Males,Influenza and pneumonia  [J09-J18],nr_deaths,70,70,33,29,35,,,,,
"Newfoundland and Labrador, place of residence",Males,Influenza and pneumonia  [J09-J18],mort_rate_100K,31.3,28,12.1,11.5,11.9,,,,,
"Newfoundland and Labrador, place of residence",Males,Other acute lower respiratory infections  [J20-J22],nr_deaths,2,2,0,1,1,,,,,
"Newfoundland and Labrador, place of residence",Males,Other acute lower respiratory infections  [J20-J22],mort_rate_100K,0.9,0.4,0,0.4,0.3,,,,,
"Newfoundland and Labrador, place of residence",Males,Chronic lower respiratory diseases  [J40-J47],nr_deaths,146,164,132,113,143,,,,,
"Newfoundland and Labrador, place of residence",Males,Chronic lower respiratory diseases  [J40-J47],mort_rate_100K,51.7,58.6,44.3,35.3,44.5,,,,,
"Newfoundland and Labrador, place of residence",Males,"Pneumoconioses and chemical effects  [J60-J66, J68]",nr_deaths,0,2,1,0,0,,,,,
"Newfoundland and Labrador, place of residence",Males,"Pneumoconioses and chemical effects  [J60-J66, J68]",mort_rate_100K,0,1,0.4,0,0,,,,,
"Newfoundland and Labrador, place of residence",Males,Pneumonitis due to solids and liquids  [J69],nr_deaths,16,7,15,16,18,,,,,
"Newfoundland and Labrador, place of residence",Males,Pneumonitis due to solids and liquids  [J69],mort_rate_100K,7.1,2.9,6.2,5.5,6.7,,,,,
"Newfoundland and Labrador, place of residence",Males,"Other diseases of respiratory system  [J00-J06, J30-J39, J67, J70-J98]",nr_deaths,47,43,24,38,45,,,,,
"Newfoundland and Labrador, place of residence",Males,"Other diseases of respiratory system  [J00-J06, J30-J39, J67, J70-J98]",mort_rate_100K,16.3,13.5,8.4,12,13.4,,,,,
"Newfoundland and Labrador, place of residence",Males,Peptic ulcer  [K25-K28],nr_deaths,0,3,1,1,6,,,,,
"Newfoundland and Labrador, place of residence",Males,Peptic ulcer  [K25-K28],mort_rate_100K,0,0.9,0.3,0.2,2.2,,,,,
"Newfoundland and Labrador, place of residence",Males,Diseases of appendix  [K35-K38],nr_deaths,1,0,0,0,0,,,,,
"Newfoundland and Labrador, place of residence",Males,Diseases of appendix  [K35-K38],mort_rate_100K,0.6,0,0,0,0,,,,,
"Newfoundland and Labrador, place of residence",Males,Hernia  [K40-K46],nr_deaths,4,3,3,2,5,,,,,
"Newfoundland and Labrador, place of residence",Males,Hernia  [K40-K46],mort_rate_100K,1.4,1.2,1,0.5,2,,,,,
"Newfoundland and Labrador, place of residence",Males,"Chronic liver disease and cirrhosis  [K70, K73-K74]",nr_deaths,34,48,56,57,51,,,,,
"Newfoundland and Labrador, place of residence",Males,"Chronic liver disease and cirrhosis  [K70, K73-K74]",mort_rate_100K,10.7,16.1,17.6,17.1,14.6,,,,,
"Newfoundland and Labrador, place of residence",Males,Cholelithiasis and other disorders of gallbladder  [K80-K82],nr_deaths,4,6,4,6,9,,,,,
"Newfoundland and Labrador, place of residence",Males,Cholelithiasis and other disorders of gallbladder  [K80-K82],mort_rate_100K,1.7,2.2,1,2.1,2.7,,,,,
"Newfoundland and Labrador, place of residence",Males,"Nephritis, nephrotic syndrome and nephrosis  [N00-N07, N17-N19, N25-N27]",nr_deaths,47,44,59,64,56,,,,,
"Newfoundland and Labrador, place of residence",Males,"Nephritis, nephrotic syndrome and nephrosis  [N00-N07, N17-N19, N25-N27]",mort_rate_100K,18.2,16.9,20,21.5,17.8,,,,,
"Newfoundland and Labrador, place of residence",Males,"Infections of kidney  [N10-N12, N13.6, N15.1]",nr_deaths,0,2,1,0,1,,,,,
"Newfoundland and Labrador, place of residence",Males,"Infections of kidney  [N10-N12, N13.6, N15.1]",mort_rate_100K,0,0.5,0.4,0,0.3,,,,,
"Newfoundland and Labrador, place of residence",Males,Hyperplasia of prostate  [N40],nr_deaths,2,1,4,1,2,,,,,
"Newfoundland and Labrador, place of residence",Males,Hyperplasia of prostate  [N40],mort_rate_100K,1.3,0.6,1.7,0.3,0.8,,,,,
"Newfoundland and Labrador, place of residence",Males,Inflammatory diseases of female pelvic organs  [N70-N76],nr_deaths,...,...,...,...,...,,,,,
"Newfoundland and Labrador, place of residence",Males,Inflammatory diseases of female pelvic organs  [N70-N76],mort_rate_100K,...,...,...,...,...,,,,,
"Newfoundland and Labrador, place of residence",Males,"Pregnancy, childbirth and the puerperium  [O00-O99]",nr_deaths,...,...,...,...,...,,,,,
"Newfoundland and Labrador, place of residence",Males,"Pregnancy, childbirth and the puerperium  [O00-O99]",mort_rate_100K,...,...,...,...,...,,,,,
"Newfoundland and Labrador, place of residence",Males,Certain conditions originating in the perinatal period  [P00-P96],nr_deaths,13,9,8,8,3,,,,,
"Newfoundland and Labrador, place of residence",Males,Certain conditions originating in the perinatal period  [P00-P96],mort_rate_100K,7,5,4.6,4.6,1.7,,,,,
"Newfoundland and Labrador, place of residence",Males,"Congenital malformations, deformations and chromosomal abnormalities  [Q00-Q99]",nr_deaths,15,10,12,8,15,,,,,
"Newfoundland and Labrador, place of residence",Males,"Congenital malformations, deformations and chromosomal abnormalities  [Q00-Q99]",mort_rate_100K,5.8,3.9,4.6,3.1,5.2,,,,,
"Newfoundland and Labrador, place of residence",Males,"Symptoms, signs and abnormal clinical and laboratory findings, not elsewhere classified  [R00-R99]",nr_deaths,47,58,56,86,523,,,,,
"Newfoundland and Labrador, place of residence",Males,"Symptoms, signs and abnormal clinical and laboratory findings, not elsewhere classified  [R00-R99]",mort_rate_100K,20.5,22.7,21,34.4,171.8,,,,,
"Newfoundland and Labrador, place of residence",Males,"COVID-19  [U07.1, U07.2, U10.9]",nr_deaths,..,..,3,11,162,,,,,
"Newfoundland and Labrador, place of residence",Males,"COVID-19  [U07.1, U07.2, U10.9]",mort_rate_100K,..,..,0.7,3.3,57,,,,,
"Newfoundland and Labrador, place of residence",Males,All other diseases (residual) 26,nr_deaths,183,186,203,261,215,,,,,
"Newfoundland and Labrador, place of residence",Males,All other diseases (residual) 26,mort_rate_100K,65.5,63.8,70.7,85.3,64.4,,,,,
"Newfoundland and Labrador, place of residence",Males,"Accidents (unintentional injuries)  [V01-X59, Y85-Y86]",nr_deaths,101,95,126,135,113,,,,,
"Newfoundland and Labrador, place of residence",Males,"Accidents (unintentional injuries)  [V01-X59, Y85-Y86]",mort_rate_100K,39.2,34.1,50.3,49.1,42.7,,,,,
"Newfoundland and Labrador, place of residence",Males,"Intentional self-harm (suicide)  [X60-X84, Y87.0]",nr_deaths,60,44,46,61,54,,,,,
"Newfoundland and Labrador, place of residence",Males,"Intentional self-harm (suicide)  [X60-X84, Y87.0]",mort_rate_100K,23.5,18.1,17.3,23.2,18.7,,,,,
"Newfoundland and Labrador, place of residence",Males,"Assault (homicide)  [X85-Y09, Y87.1]",nr_deaths,3,3,4,4,2,,,,,
"Newfoundland and Labrador, place of residence",Males,"Assault (homicide)  [X85-Y09, Y87.1]",mort_rate_100K,1.3,1.4,1.8,1.9,0.7,,,,,
"Newfoundland and Labrador, place of residence",Males,"Legal intervention  [Y35, Y89.0]",nr_deaths,0,0,0,0,0,,,,,
"Newfoundland and Labrador, place of residence",Males,"Legal intervention  [Y35, Y89.0]",mort_rate_100K,0,0,0,0,0,,,,,
"Newfoundland and Labrador, place of residence",Males,"Events of undetermined intent  [Y10-Y34, Y87.2, Y89.9]",nr_deaths,5,3,6,2,4,,,,,
"Newfoundland and Labrador, place of residence",Males,"Events of undetermined intent  [Y10-Y34, Y87.2, Y89.9]",mort_rate_100K,1.6,1,2.7,0.7,1.9,,,,,
"Newfoundland and Labrador, place of residence",Males,"Operations of war and their sequelae  [Y36, Y89.1]",nr_deaths,0,0,0,0,0,,,,,
"Newfoundland and Labrador, place of residence",Males,"Operations of war and their sequelae  [Y36, Y89.1]",mort_rate_100K,0,0,0,0,0,,,,,
"Newfoundland and Labrador, place of residence",Males,"Complications of medical and surgical care  [Y40-Y84, Y88]",nr_deaths,2,2,2,7,3,,,,,
"Newfoundland and Labrador, place of residence",Males,"Complications of medical and surgical care  [Y40-Y84, Y88]",mort_rate_100K,0.8,0.5,0.8,2.6,0.7,,,,,
"Newfoundland and Labrador, place of residence",Females,Salmonella infections  [A01-A02],nr_deaths,0,0,0,1,0,,,,,
"Newfoundland and Labrador, place of residence",Females,Salmonella infections  [A01-A02],mort_rate_100K,0,0,0,0.3,0,,,,,
"Newfoundland and Labrador, place of residence",Females,"Shigellosis and amoebiasis  [A03, A06]",nr_deaths,0,0,0,0,0,,,,,
"Newfoundland and Labrador, place of residence",Females,"Shigellosis and amoebiasis  [A03, A06]",mort_rate_100K,0,0,0,0,0,,,,,
"Newfoundland and Labrador, place of residence",Females,"Certain other intestinal infections  [A04, A07-A09]",nr_deaths,7,4,3,6,4,,,,,
"Newfoundland and Labrador, place of residence",Females,"Certain other intestinal infections  [A04, A07-A09]",mort_rate_100K,1.9,1.1,0.9,1.7,0.9,,,,,
"Newfoundland and Labrador, place of residence",Females,Tuberculosis  [A16-A19],nr_deaths,1,1,0,1,1,,,,,
"Newfoundland and Labrador, place of residence",Females,Tuberculosis  [A16-A19],mort_rate_100K,0.3,0.3,0,0.3,0.3,,,,,
"Newfoundland and Labrador, place of residence",Females,Whooping cough  [A37],nr_deaths,0,0,0,0,0,,,,,
"Newfoundland and Labrador, place of residence",Females,Whooping cough  [A37],mort_rate_100K,0,0,0,0,0,,,,,
"Newfoundland and Labrador, place of residence",Females,"Scarlet fever and erysipelas  [A38, A46]",nr_deaths,0,0,0,0,0,,,,,
"Newfoundland and Labrador, place of residence",Females,"Scarlet fever and erysipelas  [A38, A46]",mort_rate_100K,0,0,0,0,0,,,,,
"Newfoundland and Labrador, place of residence",Females,Meningococcal infection  [A39],nr_deaths,1,0,0,0,1,,,,,
"Newfoundland and Labrador, place of residence",Females,Meningococcal infection  [A39],mort_rate_100K,0.2,0,0,0,0.6,,,,,
"Newfoundland and Labrador, place of residence",Females,Sepsis  [A40-A41],nr_deaths,16,21,27,17,35,,,,,
"Newfoundland and Labrador, place of residence",Females,Sepsis  [A40-A41],mort_rate_100K,4.8,6.1,7.4,4.4,9.5,,,,,
"Newfoundland and Labrador, place of residence",Females,Syphilis  [A50-A53],nr_deaths,0,0,0,0,0,,,,,
"Newfoundland and Labrador, place of residence",Females,Syphilis  [A50-A53],mort_rate_100K,0,0,0,0,0,,,,,
"Newfoundland and Labrador, place of residence",Females,Acute poliomyelitis  [A80],nr_deaths,0,0,0,0,0,,,,,
"Newfoundland and Labrador, place of residence",Females,Acute poliomyelitis  [A80],mort_rate_100K,0,0,0,0,0,,,,,
"Newfoundland and Labrador, place of residence",Females,"Arthropod-borne viral encephalitis  [A83-A84, A85.2]",nr_deaths,0,0,0,0,0,,,,,
"Newfoundland and Labrador, place of residence",Females,"Arthropod-borne viral encephalitis  [A83-A84, A85.2]",mort_rate_100K,0,0,0,0,0,,,,,
"Newfoundland and Labrador, place of residence",Females,Measles  [B05],nr_deaths,0,0,0,0,0,,,,,
"Newfoundland and Labrador, place of residence",Females,Measles  [B05],mort_rate_100K,0,0,0,0,0,,,,,
"Newfoundland and Labrador, place of residence",Females,Viral hepatitis  [B15-B19],nr_deaths,0,1,0,0,1,,,,,
"Newfoundland and Labrador, place of residence",Females,Viral hepatitis  [B15-B19],mort_rate_100K,0,0.2,0,0,0.3,,,,,
"Newfoundland and Labrador, place of residence",Females,Human immunodeficiency virus [HIV] disease  [B20-B24],nr_deaths,0,0,0,0,0,,,,,
"Newfoundland and Labrador, place of residence",Females,Human immunodeficiency virus [HIV] disease  [B20-B24],mort_rate_100K,0,0,0,0,0,,,,,
"Newfoundland and Labrador, place of residence",Females,Malaria  [B50-B54],nr_deaths,0,0,0,0,0,,,,,
"Newfoundland and Labrador, place of residence",Females,Malaria  [B50-B54],mort_rate_100K,0,0,0,0,0,,,,,
"Newfoundland and Labrador, place of residence",Females,Other and unspecified infectious and parasitic diseases and their sequelae 25,nr_deaths,4,6,5,4,9,,,,,
"Newfoundland and Labrador, place of residence",Females,Other and unspecified infectious and parasitic diseases and their sequelae 25,mort_rate_100K,1,1.5,1.5,1,2.4,,,,,
"Newfoundland and Labrador, place of residence",Females,Malignant neoplasms  [C00-C97],nr_deaths,689,651,701,778,678,,,,,
"Newfoundland and Labrador, place of residence",Females,Malignant neoplasms  [C00-C97],mort_rate_100K,195.6,181.1,187.3,202.5,171.7,,,,,
"Newfoundland and Labrador, place of residence",Females,"In situ neoplasms, benign neoplasms and neoplasms of uncertain or unknown behaviour  [D00-D48]",nr_deaths,12,16,16,16,15,,,,,
"Newfoundland and Labrador, place of residence",Females,"In situ neoplasms, benign neoplasms and neoplasms of uncertain or unknown behaviour  [D00-D48]",mort_rate_100K,3.5,4.5,4.6,4.8,3.7,,,,,
"Newfoundland and Labrador, place of residence",Females,Anaemias  [D50-D64],nr_deaths,9,7,8,7,6,,,,,
"Newfoundland and Labrador, place of residence",Females,Anaemias  [D50-D64],mort_rate_100K,2.6,2,2.5,2.2,1.4,,,,,
"Newfoundland and Labrador, place of residence",Females,Diabetes mellitus  [E10-E14],nr_deaths,118,93,128,126,97,,,,,
"Newfoundland and Labrador, place of residence",Females,Diabetes mellitus  [E10-E14],mort_rate_100K,34.6,26.4,35.1,33.4,25.9,,,,,
"Newfoundland and Labrador, place of residence",Females,Nutritional deficiencies  [E40-E64],nr_deaths,5,2,2,3,1,,,,,
"Newfoundland and Labrador, place of residence",Females,Nutritional deficiencies  [E40-E64],mort_rate_100K,1.5,0.6,0.5,0.8,0.2,,,,,
"Newfoundland and Labrador, place of residence",Females,"Dementia  [F010-F019, F03]",nr_deaths,211,270,242,285,261,,,,,
"Newfoundland and Labrador, place of residence",Females,"Dementia  [F010-F019, F03]",mort_rate_100K,61.2,75.4,66.1,75.6,69,,,,,
"Newfoundland and Labrador, place of residence",Females,"Meningitis  [G00, G03]",nr_deaths,0,0,1,0,0,,,,,
"Newfoundland and Labrador, place of residence",Females,"Meningitis  [G00, G03]",mort_rate_100K,0,0,0.3,0,0,,,,,
"Newfoundland and Labrador, place of residence",Females,Parkinson's disease  [G20-G21],nr_deaths,29,24,25,27,25,,,,,
"Newfoundland and Labrador, place of residence",Females,Parkinson's disease  [G20-G21],mort_rate_100K,8.6,7,6.4,6.7,6,,,,,
"Newfoundland and Labrador, place of residence",Females,Alzheimer's disease  [G30],nr_deaths,40,30,26,37,36,,,,,
"Newfoundland and Labrador, place of residence",Females,Alzheimer's disease  [G30],mort_rate_100K,11.9,8.5,7.1,9.8,9.3,,,,,
"Newfoundland and Labrador, place of residence",Females,Major cardiovascular diseases  [I00-I78],nr_deaths,686,619,673,699,576,,,,,
"Newfoundland and Labrador, place of residence",Females,Major cardiovascular diseases  [I00-I78],mort_rate_100K,195.4,173.3,184.2,183.9,151.1,,,,,
"Newfoundland and Labrador, place of residence",Females,Other disorders of circulatory system  [I80-I99],nr_deaths,5,3,8,5,11,,,,,
"Newfoundland and Labrador, place of residence",Females,Other disorders of circulatory system  [I80-I99],mort_rate_100K,1.5,0.8,2.4,1.8,3.2,,,,,
"Newfoundland and Labrador, place of residence",Females,Influenza and pneumonia  [J09-J18],nr_deaths,82,64,51,35,38,,,,,
"Newfoundland and Labrador, place of residence",Females,Influenza and pneumonia  [J09-J18],mort_rate_100K,23.8,18,14.1,9.5,10,,,,,
"Newfoundland and Labrador, place of residence",Females,Other acute lower respiratory infections  [J20-J22],nr_deaths,7,3,3,0,1,,,,,
"Newfoundland and Labrador, place of residence",Females,Other acute lower respiratory infections  [J20-J22],mort_rate_100K,2.1,0.9,0.9,0,0.3,,,,,
"Newfoundland and Labrador, place of residence",Females,Chronic lower respiratory diseases  [J40-J47],nr_deaths,115,120,107,107,95,,,,,
"Newfoundland and Labrador, place of residence",Females,Chronic lower respiratory diseases  [J40-J47],mort_rate_100K,33,32.7,28.9,27.9,23.5,,,,,
"Newfoundland and Labrador, place of residence",Females,"Pneumoconioses and chemical effects  [J60-J66, J68]",nr_deaths,0,1,0,0,0,,,,,
"Newfoundland and Labrador, place of residence",Females,"Pneumoconioses and chemical effects  [J60-J66, J68]",mort_rate_100K,0,0.3,0,0,0,,,,,
"Newfoundland and Labrador, place of residence",Females,Pneumonitis due to solids and liquids  [J69],nr_deaths,10,10,9,8,4,,,,,
"Newfoundland and Labrador, place of residence",Females,Pneumonitis due to solids and liquids  [J69],mort_rate_100K,2.9,2.7,2.7,2.2,1.1,,,,,
"Newfoundland and Labrador, place of residence",Females,"Other diseases of respiratory system  [J00-J06, J30-J39, J67, J70-J98]",nr_deaths,23,23,30,28,39,,,,,
"Newfoundland and Labrador, place of residence",Females,"Other diseases of respiratory system  [J00-J06, J30-J39, J67, J70-J98]",mort_rate_100K,6.4,6.3,7.9,7.1,10,,,,,
"Newfoundland and Labrador, place of residence",Females,Peptic ulcer  [K25-K28],nr_deaths,1,3,4,1,0,,,,,
"Newfoundland and Labrador, place of residence",Females,Peptic ulcer  [K25-K28],mort_rate_100K,0.3,0.8,1.2,0.2,0,,,,,
"Newfoundland and Labrador, place of residence",Females,Diseases of appendix  [K35-K38],nr_deaths,0,0,0,0,0,,,,,
"Newfoundland and Labrador, place of residence",Females,Diseases of appendix  [K35-K38],mort_rate_100K,0,0,0,0,0,,,,,
"Newfoundland and Labrador, place of residence",Females,Hernia  [K40-K46],nr_deaths,1,3,2,9,1,,,,,
"Newfoundland and Labrador, place of residence",Females,Hernia  [K40-K46],mort_rate_100K,0.3,0.8,0.4,2.2,0.3,,,,,
"Newfoundland and Labrador, place of residence",Females,"Chronic liver disease and cirrhosis  [K70, K73-K74]",nr_deaths,20,28,29,35,33,,,,,
"Newfoundland and Labrador, place of residence",Females,"Chronic liver disease and cirrhosis  [K70, K73-K74]",mort_rate_100K,5.8,7.2,8.6,9.6,9.6,,,,,
"Newfoundland and Labrador, place of residence",Females,Cholelithiasis and other disorders of gallbladder  [K80-K82],nr_deaths,3,5,4,11,9,,,,,
"Newfoundland and Labrador, place of residence",Females,Cholelithiasis and other disorders of gallbladder  [K80-K82],mort_rate_100K,0.8,1.2,1.1,2.8,2.3,,,,,
"Newfoundland and Labrador, place of residence",Females,"Nephritis, nephrotic syndrome and nephrosis  [N00-N07, N17-N19, N25-N27]",nr_deaths,55,65,61,78,55,,,,,
"Newfoundland and Labrador, place of residence",Females,"Nephritis, nephrotic syndrome and nephrosis  [N00-N07, N17-N19, N25-N27]",mort_rate_100K,15.8,18.3,16.2,20.3,14.6,,,,,
"Newfoundland and Labrador, place of residence",Females,"Infections of kidney  [N10-N12, N13.6, N15.1]",nr_deaths,2,0,1,0,3,,,,,
"Newfoundland and Labrador, place of residence",Females,"Infections of kidney  [N10-N12, N13.6, N15.1]",mort_rate_100K,0.6,0,0.3,0,0.7,,,,,
"Newfoundland and Labrador, place of residence",Females,Hyperplasia of prostate  [N40],nr_deaths,...,...,...,...,...,,,,,
"Newfoundland and Labrador, place of residence",Females,Hyperplasia of prostate  [N40],mort_rate_100K,...,...,...,...,...,,,,,
"Newfoundland and Labrador, place of residence",Females,Inflammatory diseases of female pelvic organs  [N70-N76],nr_deaths,1,1,0,0,1,,,,,
"Newfoundland and Labrador, place of residence",Females,Inflammatory diseases of female pelvic organs  [N70-N76],mort_rate_100K,0.3,0.3,0,0,0.3,,,,,
"Newfoundland and Labrador, place of residence",Females,"Pregnancy, childbirth and the puerperium  [O00-O99]",nr_deaths,0,0,1,0,0,,,,,
"Newfoundland and Labrador, place of residence",Females,"Pregnancy, childbirth and the puerperium  [O00-O99]",mort_rate_100K,0,0,0.4,0,0,,,,,
"Newfoundland and Labrador, place of residence",Females,Certain conditions originating in the perinatal period  [P00-P96],nr_deaths,3,7,6,5,2,,,,,
"Newfoundland and Labrador, place of residence",Females,Certain conditions originating in the perinatal period  [P00-P96],mort_rate_100K,1.7,4.1,3.7,3.1,1.2,,,,,
"Newfoundland and Labrador, place of residence",Females,"Congenital malformations, deformations and chromosomal abnormalities  [Q00-Q99]",nr_deaths,6,9,10,17,8,,,,,
"Newfoundland and Labrador, place of residence",Females,"Congenital malformations, deformations and chromosomal abnormalities  [Q00-Q99]",mort_rate_100K,2.4,3.2,3.8,5.1,3.1,,,,,
"Newfoundland and Labrador, place of residence",Females,"Symptoms, signs and abnormal clinical and laboratory findings, not elsewhere classified  [R00-R99]",nr_deaths,80,71,69,97,499,,,,,
"Newfoundland and Labrador, place of residence",Females,"Symptoms, signs and abnormal clinical and laboratory findings, not elsewhere classified  [R00-R99]",mort_rate_100K,24,20.4,20.1,28.6,135.5,,,,,
"Newfoundland and Labrador, place of residence",Females,"COVID-19  [U07.1, U07.2, U10.9]",nr_deaths,..,..,2,3,136,,,,,
"Newfoundland and Labrador, place of residence",Females,"COVID-19  [U07.1, U07.2, U10.9]",mort_rate_100K,..,..,0.5,0.8,34.5,,,,,
"Newfoundland and Labrador, place of residence",Females,All other diseases (residual) 26,nr_deaths,206,215,229,254,253,,,,,
"Newfoundland and Labrador, place of residence",Females,All other diseases (residual) 26,mort_rate_100K,59.8,59.8,63.3,68.1,65.9,,,,,
"Newfoundland and Labrador, place of residence",Females,"Accidents (unintentional injuries)  [V01-X59, Y85-Y86]",nr_deaths,80,66,72,83,76,,,,,
"Newfoundland and Labrador, place of residence",Females,"Accidents (unintentional injuries)  [V01-X59, Y85-Y86]",mort_rate_100K,25.1,20.6,22,23.9,21.4,,,,,
"Newfoundland and Labrador, place of residence",Females,"Intentional self-harm (suicide)  [X60-X84, Y87.0]",nr_deaths,12,16,12,17,11,,,,,
"Newfoundland and Labrador, place of residence",Females,"Intentional self-harm (suicide)  [X60-X84, Y87.0]",mort_rate_100K,4.3,6.3,4.9,6.6,4.2,,,,,
"Newfoundland and Labrador, place of residence",Females,"Assault (homicide)  [X85-Y09, Y87.1]",nr_deaths,0,2,0,3,1,,,,,
"Newfoundland and Labrador, place of residence",Females,"Assault (homicide)  [X85-Y09, Y87.1]",mort_rate_100K,0,0.9,0,1.3,0.5,,,,,
"Newfoundland and Labrador, place of residence",Females,"Legal intervention  [Y35, Y89.0]",nr_deaths,0,0,0,0,0,,,,,
"Newfoundland and Labrador, place of residence",Females,"Legal intervention  [Y35, Y89.0]",mort_rate_100K,0,0,0,0,0,,,,,
"Newfoundland and Labrador, place of residence",Females,"Events of undetermined intent  [Y10-Y34, Y87.2, Y89.9]",nr_deaths,5,4,6,1,2,,,,,
"Newfoundland and Labrador, place of residence",Females,"Events of undetermined intent  [Y10-Y34, Y87.2, Y89.9]",mort_rate_100K,2.1,1.7,2,0.2,0.4,,,,,
"Newfoundland and Labrador, place of residence",Females,"Operations of war and their sequelae  [Y36, Y89.1]",nr_deaths,0,0,0,0,0,,,,,
"Newfoundland and Labrador, place of residence",Females,"Operations of war and their sequelae  [Y36, Y89.1]",mort_rate_100K,0,0,0,0,0,,,,,
"Newfoundland and Labrador, place of residence",Females,"Complications of medical and surgical care  [Y40-Y84, Y88]",nr_deaths,4,3,3,6,2,,,,,
"Newfoundland and Labrador, place of residence",Females,"Complications of medical and surgical care  [Y40-Y84, Y88]",mort_rate_100K,1.1,0.8,0.8,1.5,0.5,,,,,
"British Columbia, place of residence",Males,Salmonella infections  [A01-A02],nr_deaths,0,1,2,0,0,,,,,
"British Columbia, place of residence",Males,Salmonella infections  [A01-A02],mort_rate_100K,0,0,0.1,0,0,,,,,
"British Columbia, place of residence",Males,"Shigellosis and amoebiasis  [A03, A06]",nr_deaths,0,0,0,0,0,,,,,
"British Columbia, place of residence",Males,"Shigellosis and amoebiasis  [A03, A06]",mort_rate_100K,0,0,0,0,0,,,,,
"British Columbia, place of residence",Males,"Certain other intestinal infections  [A04, A07-A09]",nr_deaths,46,30,28,22,31,,,,,
"British Columbia, place of residence",Males,"Certain other intestinal infections  [A04, A07-A09]",mort_rate_100K,1.8,1.1,1,0.8,1,,,,,
"British Columbia, place of residence",Males,Tuberculosis  [A16-A19],nr_deaths,9,6,4,10,9,,,,,
"British Columbia, place of residence",Males,Tuberculosis  [A16-A19],mort_rate_100K,0.3,0.2,0.2,0.4,0.3,,,,,
"British Columbia, place of residence",Males,Whooping cough  [A37],nr_deaths,0,0,0,0,0,,,,,
"British Columbia, place of residence",Males,Whooping cough  [A37],mort_rate_100K,0,0,0,0,0,,,,,
"British Columbia, place of residence",Males,"Scarlet fever and erysipelas  [A38, A46]",nr_deaths,0,0,0,0,0,,,,,
"British Columbia, place of residence",Males,"Scarlet fever and erysipelas  [A38, A46]",mort_rate_100K,0,0,0,0,0,,,,,
"British Columbia, place of residence",Males,Meningococcal infection  [A39],nr_deaths,0,1,1,0,1,,,,,
"British Columbia, place of residence",Males,Meningococcal infection  [A39],mort_rate_100K,0,0,0,0,0,,,,,
"British Columbia, place of residence",Males,Sepsis  [A40-A41],nr_deaths,59,79,85,97,105,,,,,
"British Columbia, place of residence",Males,Sepsis  [A40-A41],mort_rate_100K,2.3,3,3,3.4,3.6,,,,,
"British Columbia, place of residence",Males,Syphilis  [A50-A53],nr_deaths,1,1,1,0,2,,,,,
"British Columbia, place of residence",Males,Syphilis  [A50-A53],mort_rate_100K,0,0,0,0,0.1,,,,,
"British Columbia, place of residence",Males,Acute poliomyelitis  [A80],nr_deaths,0,0,0,0,0,,,,,
"British Columbia, place of residence",Males,Acute poliomyelitis  [A80],mort_rate_100K,0,0,0,0,0,,,,,
"British Columbia, place of residence",Males,"Arthropod-borne viral encephalitis  [A83-A84, A85.2]",nr_deaths,0,0,0,0,0,,,,,
"British Columbia, place of residence",Males,"Arthropod-borne viral encephalitis  [A83-A84, A85.2]",mort_rate_100K,0,0,0,0,0,,,,,
"British Columbia, place of residence",Males,Measles  [B05],nr_deaths,0,0,0,0,0,,,,,
"British Columbia, place of residence",Males,Measles  [B05],mort_rate_100K,0,0,0,0,0,,,,,
"British Columbia, place of residence",Males,Viral hepatitis  [B15-B19],nr_deaths,73,39,40,40,27,,,,,
"British Columbia, place of residence",Males,Viral hepatitis  [B15-B19],mort_rate_100K,2.7,1.3,1.4,1.4,0.9,,,,,
"British Columbia, place of residence",Males,Human immunodeficiency virus [HIV] disease  [B20-B24],nr_deaths,21,6,4,15,10,,,,,
"British Columbia, place of residence",Males,Human immunodeficiency virus [HIV] disease  [B20-B24],mort_rate_100K,0.8,0.2,0.2,0.6,0.4,,,,,
"British Columbia, place of residence",Males,Malaria  [B50-B54],nr_deaths,0,0,0,0,0,,,,,
"British Columbia, place of residence",Males,Malaria  [B50-B54],mort_rate_100K,0,0,0,0,0,,,,,
"British Columbia, place of residence",Males,Other and unspecified infectious and parasitic diseases and their sequelae 25,nr_deaths,54,53,46,81,79,,,,,
"British Columbia, place of residence",Males,Other and unspecified infectious and parasitic diseases and their sequelae 25,mort_rate_100K,2.1,2,1.6,2.8,2.6,,,,,
"British Columbia, place of residence",Males,Malignant neoplasms  [C00-C97],nr_deaths,"5,633","5,731","5,890","5,902","5,914",,,,,
"British Columbia, place of residence",Males,Malignant neoplasms  [C00-C97],mort_rate_100K,207.3,204.3,203.2,197.1,192.3,,,,,
"British Columbia, place of residence",Males,"In situ neoplasms, benign neoplasms and neoplasms of uncertain or unknown behaviour  [D00-D48]",nr_deaths,108,151,139,141,148,,,,,
"British Columbia, place of residence",Males,"In situ neoplasms, benign neoplasms and neoplasms of uncertain or unknown behaviour  [D00-D48]",mort_rate_100K,4.2,5.5,5,4.8,4.9,,,,,
"British Columbia, place of residence",Males,Anaemias  [D50-D64],nr_deaths,23,26,39,28,32,,,,,
"British Columbia, place of residence",Males,Anaemias  [D50-D64],mort_rate_100K,0.9,1,1.4,1,1.1,,,,,
"British Columbia, place of residence",Males,Diabetes mellitus  [E10-E14],nr_deaths,625,669,743,723,795,,,,,
"British Columbia, place of residence",Males,Diabetes mellitus  [E10-E14],mort_rate_100K,23.4,24.2,26.2,24.9,26.9,,,,,
"British Columbia, place of residence",Males,Nutritional deficiencies  [E40-E64],nr_deaths,6,15,15,21,18,,,,,
"British Columbia, place of residence",Males,Nutritional deficiencies  [E40-E64],mort_rate_100K,0.2,0.6,0.5,0.7,0.6,,,,,
"British Columbia, place of residence",Males,"Dementia  [F010-F019, F03]",nr_deaths,"1,167","1,244","1,290","1,308","1,430",,,,,
"British Columbia, place of residence",Males,"Dementia  [F010-F019, F03]",mort_rate_100K,47.9,48.9,48.3,47.7,50.7,,,,,
"British Columbia, place of residence",Males,"Meningitis  [G00, G03]",nr_deaths,11,6,6,5,10,,,,,
"British Columbia, place of residence",Males,"Meningitis  [G00, G03]",mort_rate_100K,0.4,0.2,0.2,0.2,0.4,,,,,
"British Columbia, place of residence",Males,Parkinson's disease  [G20-G21],nr_deaths,277,317,317,349,365,,,,,
"British Columbia, place of residence",Males,Parkinson's disease  [G20-G21],mort_rate_100K,10.7,11.9,11.2,12,12.3,,,,,
"British Columbia, place of residence",Males,Alzheimer's disease  [G30],nr_deaths,342,365,408,398,397,,,,,
"British Columbia, place of residence",Males,Alzheimer's disease  [G30],mort_rate_100K,13.7,14.1,15.1,14.1,13.4,,,,,
"British Columbia, place of residence",Males,Major cardiovascular diseases  [I00-I78],nr_deaths,"5,353","5,156","5,418","5,571","5,915",,,,,
"British Columbia, place of residence",Males,Major cardiovascular diseases  [I00-I78],mort_rate_100K,206.3,192,194.2,194.4,201,,,,,
"British Columbia, place of residence",Males,Other disorders of circulatory system  [I80-I99],nr_deaths,25,32,22,22,26,,,,,
"British Columbia, place of residence",Males,Other disorders of circulatory system  [I80-I99],mort_rate_100K,1,1.2,0.8,0.8,0.9,,,,,
"British Columbia, place of residence",Males,Influenza and pneumonia  [J09-J18],nr_deaths,442,380,362,280,388,,,,,
"British Columbia, place of residence",Males,Influenza and pneumonia  [J09-J18],mort_rate_100K,17.5,14.5,13.2,10,13.3,,,,,
"British Columbia, place of residence",Males,Other acute lower respiratory infections  [J20-J22],nr_deaths,2,5,5,0,2,,,,,
"British Columbia, place of residence",Males,Other acute lower respiratory infections  [J20-J22],mort_rate_100K,0.1,0.2,0.2,0,0.1,,,,,
"British Columbia, place of residence",Males,Chronic lower respiratory diseases  [J40-J47],nr_deaths,910,934,883,792,911,,,,,
"British Columbia, place of residence",Males,Chronic lower respiratory diseases  [J40-J47],mort_rate_100K,34.4,33.9,30.6,26.8,29.7,,,,,
"British Columbia, place of residence",Males,"Pneumoconioses and chemical effects  [J60-J66, J68]",nr_deaths,16,23,19,13,9,,,,,
"British Columbia, place of residence",Males,"Pneumoconioses and chemical effects  [J60-J66, J68]",mort_rate_100K,0.6,0.9,0.7,0.4,0.3,,,,,
"British Columbia, place of residence",Males,Pneumonitis due to solids and liquids  [J69],nr_deaths,110,99,122,146,163,,,,,
"British Columbia, place of residence",Males,Pneumonitis due to solids and liquids  [J69],mort_rate_100K,4.4,3.8,4.5,5.2,5.6,,,,,
"British Columbia, place of residence",Males,"Other diseases of respiratory system  [J00-J06, J30-J39, J67, J70-J98]",nr_deaths,252,275,243,262,292,,,,,
"British Columbia, place of residence",Males,"Other diseases of respiratory system  [J00-J06, J30-J39, J67, J70-J98]",mort_rate_100K,9.7,10.1,8.5,8.9,9.6,,,,,
"British Columbia, place of residence",Males,Peptic ulcer  [K25-K28],nr_deaths,25,43,44,62,50,,,,,
"British Columbia, place of residence",Males,Peptic ulcer  [K25-K28],mort_rate_100K,1,1.6,1.5,2.2,1.7,,,,,
"British Columbia, place of residence",Males,Diseases of appendix  [K35-K38],nr_deaths,3,2,3,5,5,,,,,
"British Columbia, place of residence",Males,Diseases of appendix  [K35-K38],mort_rate_100K,0.1,0.1,0.1,0.2,0.2,,,,,
"British Columbia, place of residence",Males,Hernia  [K40-K46],nr_deaths,22,20,26,25,17,,,,,
"British Columbia, place of residence",Males,Hernia  [K40-K46],mort_rate_100K,0.9,0.7,1,0.9,0.6,,,,,
"British Columbia, place of residence",Males,"Chronic liver disease and cirrhosis  [K70, K73-K74]",nr_deaths,342,353,419,477,442,,,,,
"British Columbia, place of residence",Males,"Chronic liver disease and cirrhosis  [K70, K73-K74]",mort_rate_100K,12.6,12.8,15.1,17,15.4,,,,,
"British Columbia, place of residence",Males,Cholelithiasis and other disorders of gallbladder  [K80-K82],nr_deaths,23,32,35,38,42,,,,,
"British Columbia, place of residence",Males,Cholelithiasis and other disorders of gallbladder  [K80-K82],mort_rate_100K,0.9,1.2,1.3,1.3,1.4,,,,,
"British Columbia, place of residence",Males,"Nephritis, nephrotic syndrome and nephrosis  [N00-N07, N17-N19, N25-N27]",nr_deaths,156,160,182,195,207,,,,,
"British Columbia, place of residence",Males,"Nephritis, nephrotic syndrome and nephrosis  [N00-N07, N17-N19, N25-N27]",mort_rate_100K,6.2,6.1,6.7,6.9,7.1,,,,,
"British Columbia, place of residence",Males,"Infections of kidney  [N10-N12, N13.6, N15.1]",nr_deaths,3,5,9,5,10,,,,,
"British Columbia, place of residence",Males,"Infections of kidney  [N10-N12, N13.6, N15.1]",mort_rate_100K,0.1,0.2,0.3,0.2,0.3,,,,,
"British Columbia, place of residence",Males,Hyperplasia of prostate  [N40],nr_deaths,18,20,23,27,29,,,,,
"British Columbia, place of residence",Males,Hyperplasia of prostate  [N40],mort_rate_100K,0.7,0.8,0.8,1,1,,,,,
"British Columbia, place of residence",Males,Inflammatory diseases of female pelvic organs  [N70-N76],nr_deaths,...,...,...,...,...,,,,,
"British Columbia, place of residence",Males,Inflammatory diseases of female pelvic organs  [N70-N76],mort_rate_100K,...,...,...,...,...,,,,,
"British Columbia, place of residence",Males,"Pregnancy, childbirth and the puerperium  [O00-O99]",nr_deaths,...,...,...,...,...,,,,,
"British Columbia, place of residence",Males,"Pregnancy, childbirth and the puerperium  [O00-O99]",mort_rate_100K,...,...,...,...,...,,,,,
"British Columbia, place of residence",Males,Certain conditions originating in the perinatal period  [P00-P96],nr_deaths,68,59,57,45,43,,,,,
"British Columbia, place of residence",Males,Certain conditions originating in the perinatal period  [P00-P96],mort_rate_100K,3.3,2.9,2.8,2.2,2.1,,,,,
"British Columbia, place of residence",Males,"Congenital malformations, deformations and chromosomal abnormalities  [Q00-Q99]",nr_deaths,56,49,52,57,82,,,,,
"British Columbia, place of residence",Males,"Congenital malformations, deformations and chromosomal abnormalities  [Q00-Q99]",mort_rate_100K,2.4,1.9,2.1,2.2,3.2,,,,,
"British Columbia, place of residence",Males,"Symptoms, signs and abnormal clinical and laboratory findings, not elsewhere classified  [R00-R99]",nr_deaths,556,740,"2,596","2,506","2,027",,,,,
"British Columbia, place of residence",Males,"Symptoms, signs and abnormal clinical and laboratory findings, not elsewhere classified  [R00-R99]",mort_rate_100K,22.3,28.6,100.5,93.3,74.7,,,,,
"British Columbia, place of residence",Males,"COVID-19  [U07.1, U07.2, U10.9]",nr_deaths,..,..,491,994,"1,264",,,,,
"British Columbia, place of residence",Males,"COVID-19  [U07.1, U07.2, U10.9]",mort_rate_100K,..,..,17.7,34.4,43.3,,,,,
"British Columbia, place of residence",Males,All other diseases (residual) 26,nr_deaths,"1,458","1,511","1,689","1,731","1,844",,,,,
"British Columbia, place of residence",Males,All other diseases (residual) 26,mort_rate_100K,55.3,55.1,60,59.9,62.4,,,,,
"British Columbia, place of residence",Males,"Accidents (unintentional injuries)  [V01-X59, Y85-Y86]",nr_deaths,"1,757","1,188",525,"1,669","1,724",,,,,
"British Columbia, place of residence",Males,"Accidents (unintentional injuries)  [V01-X59, Y85-Y86]",mort_rate_100K,70.7,46.4,19.6,63.2,65,,,,,
"British Columbia, place of residence",Males,"Intentional self-harm (suicide)  [X60-X84, Y87.0]",nr_deaths,391,429,264,222,184,,,,,
"British Columbia, place of residence",Males,"Intentional self-harm (suicide)  [X60-X84, Y87.0]",mort_rate_100K,15.6,16.6,10.1,8.4,6.9,,,,,
"British Columbia, place of residence",Males,"Assault (homicide)  [X85-Y09, Y87.1]",nr_deaths,21,9,22,31,11,,,,,
"British Columbia, place of residence",Males,"Assault (homicide)  [X85-Y09, Y87.1]",mort_rate_100K,0.8,0.3,0.8,1.2,0.4,,,,,
"British Columbia, place of residence",Males,"Legal intervention  [Y35, Y89.0]",nr_deaths,1,1,0,0,0,,,,,
"British Columbia, place of residence",Males,"Legal intervention  [Y35, Y89.0]",mort_rate_100K,0,0,0,0,0,,,,,
"British Columbia, place of residence",Males,"Events of undetermined intent  [Y10-Y34, Y87.2, Y89.9]",nr_deaths,20,23,10,12,9,,,,,
"British Columbia, place of residence",Males,"Events of undetermined intent  [Y10-Y34, Y87.2, Y89.9]",mort_rate_100K,0.8,0.9,0.4,0.5,0.3,,,,,
"British Columbia, place of residence",Males,"Operations of war and their sequelae  [Y36, Y89.1]",nr_deaths,0,0,0,1,0,,,,,
"British Columbia, place of residence",Males,"Operations of war and their sequelae  [Y36, Y89.1]",mort_rate_100K,0,0,0,0.1,0,,,,,
"British Columbia, place of residence",Males,"Complications of medical and surgical care  [Y40-Y84, Y88]",nr_deaths,8,12,6,9,23,,,,,
"British Columbia, place of residence",Males,"Complications of medical and surgical care  [Y40-Y84, Y88]",mort_rate_100K,0.3,0.4,0.2,0.3,0.7,,,,,
"British Columbia, place of residence",Females,Salmonella infections  [A01-A02],nr_deaths,0,0,1,1,1,,,,,
"British Columbia, place of residence",Females,Salmonella infections  [A01-A02],mort_rate_100K,0,0,0,0,0,,,,,
"British Columbia, place of residence",Females,"Shigellosis and amoebiasis  [A03, A06]",nr_deaths,0,0,0,0,0,,,,,
"British Columbia, place of residence",Females,"Shigellosis and amoebiasis  [A03, A06]",mort_rate_100K,0,0,0,0,0,,,,,
"British Columbia, place of residence",Females,"Certain other intestinal infections  [A04, A07-A09]",nr_deaths,43,44,38,42,44,,,,,
"British Columbia, place of residence",Females,"Certain other intestinal infections  [A04, A07-A09]",mort_rate_100K,1.2,1.2,1,1.1,1.2,,,,,
"British Columbia, place of residence",Females,Tuberculosis  [A16-A19],nr_deaths,7,2,6,9,7,,,,,
"British Columbia, place of residence",Females,Tuberculosis  [A16-A19],mort_rate_100K,0.2,0.1,0.2,0.2,0.2,,,,,
"British Columbia, place of residence",Females,Whooping cough  [A37],nr_deaths,0,0,0,0,0,,,,,
"British Columbia, place of residence",Females,Whooping cough  [A37],mort_rate_100K,0,0,0,0,0,,,,,
"British Columbia, place of residence",Females,"Scarlet fever and erysipelas  [A38, A46]",nr_deaths,0,0,0,0,0,,,,,
"British Columbia, place of residence",Females,"Scarlet fever and erysipelas  [A38, A46]",mort_rate_100K,0,0,0,0,0,,,,,
"British Columbia, place of residence",Females,Meningococcal infection  [A39],nr_deaths,1,1,2,0,0,,,,,
"British Columbia, place of residence",Females,Meningococcal infection  [A39],mort_rate_100K,0,0,0.1,0,0,,,,,
"British Columbia, place of residence",Females,Sepsis  [A40-A41],nr_deaths,81,77,97,89,92,,,,,
"British Columbia, place of residence",Females,Sepsis  [A40-A41],mort_rate_100K,2.5,2.2,2.6,2.4,2.3,,,,,
"British Columbia, place of residence",Females,Syphilis  [A50-A53],nr_deaths,2,0,0,0,0,,,,,
"British Columbia, place of residence",Females,Syphilis  [A50-A53],mort_rate_100K,0.1,0,0,0,0,,,,,
"British Columbia, place of residence",Females,Acute poliomyelitis  [A80],nr_deaths,0,0,0,0,0,,,,,
"British Columbia, place of residence",Females,Acute poliomyelitis  [A80],mort_rate_100K,0,0,0,0,0,,,,,
"British Columbia, place of residence",Females,"Arthropod-borne viral encephalitis  [A83-A84, A85.2]",nr_deaths,0,0,0,0,0,,,,,
"British Columbia, place of residence",Females,"Arthropod-borne viral encephalitis  [A83-A84, A85.2]",mort_rate_100K,0,0,0,0,0,,,,,
"British Columbia, place of residence",Females,Measles  [B05],nr_deaths,0,0,0,0,0,,,,,
"British Columbia, place of residence",Females,Measles  [B05],mort_rate_100K,0,0,0,0,0,,,,,
"British Columbia, place of residence",Females,Viral hepatitis  [B15-B19],nr_deaths,27,28,21,22,17,,,,,
"British Columbia, place of residence",Females,Viral hepatitis  [B15-B19],mort_rate_100K,1,1,0.7,0.7,0.5,,,,,
"British Columbia, place of residence",Females,Human immunodeficiency virus [HIV] disease  [B20-B24],nr_deaths,2,4,1,3,3,,,,,
"British Columbia, place of residence",Females,Human immunodeficiency virus [HIV] disease  [B20-B24],mort_rate_100K,0.1,0.2,0,0.1,0.1,,,,,
"British Columbia, place of residence",Females,Malaria  [B50-B54],nr_deaths,0,0,0,0,0,,,,,
"British Columbia, place of residence",Females,Malaria  [B50-B54],mort_rate_100K,0,0,0,0,0,,,,,
"British Columbia, place of residence",Females,Other and unspecified infectious and parasitic diseases and their sequelae 25,nr_deaths,48,49,50,54,70,,,,,
"British Columbia, place of residence",Females,Other and unspecified infectious and parasitic diseases and their sequelae 25,mort_rate_100K,1.5,1.5,1.4,1.5,2,,,,,
"British Columbia, place of residence",Females,Malignant neoplasms  [C00-C97],nr_deaths,"4,757","4,925","4,856","5,149","5,118",,,,,
"British Columbia, place of residence",Females,Malignant neoplasms  [C00-C97],mort_rate_100K,148.8,150.1,143.4,147.9,143.1,,,,,
"British Columbia, place of residence",Females,"In situ neoplasms, benign neoplasms and neoplasms of uncertain or unknown behaviour  [D00-D48]",nr_deaths,87,89,84,85,107,,,,,
"British Columbia, place of residence",Females,"In situ neoplasms, benign neoplasms and neoplasms of uncertain or unknown behaviour  [D00-D48]",mort_rate_100K,2.5,2.5,2.4,2.2,2.8,,,,,
"British Columbia, place of residence",Females,Anaemias  [D50-D64],nr_deaths,37,30,40,43,36,,,,,
"British Columbia, place of residence",Females,Anaemias  [D50-D64],mort_rate_100K,1,0.8,0.9,1,0.9,,,,,
"British Columbia, place of residence",Females,Diabetes mellitus  [E10-E14],nr_deaths,487,464,535,563,533,,,,,
"British Columbia, place of residence",Females,Diabetes mellitus  [E10-E14],mort_rate_100K,14.6,13.5,14.9,15.2,14.2,,,,,
"British Columbia, place of residence",Females,Nutritional deficiencies  [E40-E64],nr_deaths,18,11,15,18,13,,,,,
"British Columbia, place of residence",Females,Nutritional deficiencies  [E40-E64],mort_rate_100K,0.5,0.3,0.4,0.5,0.3,,,,,
"British Columbia, place of residence",Females,"Dementia  [F010-F019, F03]",nr_deaths,"1,930","2,090","2,011","2,080","2,195",,,,,
"British Columbia, place of residence",Females,"Dementia  [F010-F019, F03]",mort_rate_100K,49.7,52.3,49.4,50.3,52,,,,,
"British Columbia, place of residence",Females,"Meningitis  [G00, G03]",nr_deaths,5,6,4,3,2,,,,,
"British Columbia, place of residence",Females,"Meningitis  [G00, G03]",mort_rate_100K,0.2,0.2,0.1,0.1,0,,,,,
"British Columbia, place of residence",Females,Parkinson's disease  [G20-G21],nr_deaths,151,161,211,170,220,,,,,
"British Columbia, place of residence",Females,Parkinson's disease  [G20-G21],mort_rate_100K,4.4,4.7,5.9,4.6,5.8,,,,,
"British Columbia, place of residence",Females,Alzheimer's disease  [G30],nr_deaths,692,714,669,697,667,,,,,
"British Columbia, place of residence",Females,Alzheimer's disease  [G30],mort_rate_100K,18.6,18.8,17,17.3,16.3,,,,,
"British Columbia, place of residence",Females,Major cardiovascular diseases  [I00-I78],nr_deaths,"4,813","4,780","4,804","4,863","5,025",,,,,
"British Columbia, place of residence",Females,Major cardiovascular diseases  [I00-I78],mort_rate_100K,132.2,127.5,125,123.8,126.7,,,,,
"British Columbia, place of residence",Females,Other disorders of circulatory system  [I80-I99],nr_deaths,20,18,17,21,19,,,,,
"British Columbia, place of residence",Females,Other disorders of circulatory system  [I80-I99],mort_rate_100K,0.6,0.5,0.5,0.6,0.5,,,,,
"British Columbia, place of residence",Females,Influenza and pneumonia  [J09-J18],nr_deaths,479,404,313,235,302,,,,,
"British Columbia, place of residence",Females,Influenza and pneumonia  [J09-J18],mort_rate_100K,12.8,10.9,8.1,5.9,7.6,,,,,
"British Columbia, place of residence",Females,Other acute lower respiratory infections  [J20-J22],nr_deaths,6,7,4,2,5,,,,,
"British Columbia, place of residence",Females,Other acute lower respiratory infections  [J20-J22],mort_rate_100K,0.1,0.2,0.1,0.1,0.1,,,,,
"British Columbia, place of residence",Females,Chronic lower respiratory diseases  [J40-J47],nr_deaths,849,854,744,704,818,,,,,
"British Columbia, place of residence",Females,Chronic lower respiratory diseases  [J40-J47],mort_rate_100K,25,24.3,20.4,18.8,21.4,,,,,
"British Columbia, place of residence",Females,"Pneumoconioses and chemical effects  [J60-J66, J68]",nr_deaths,2,0,0,2,0,,,,,
"British Columbia, place of residence",Females,"Pneumoconioses and chemical effects  [J60-J66, J68]",mort_rate_100K,0.1,0,0,0.1,0,,,,,
"British Columbia, place of residence",Females,Pneumonitis due to solids and liquids  [J69],nr_deaths,77,72,71,99,86,,,,,
"British Columbia, place of residence",Females,Pneumonitis due to solids and liquids  [J69],mort_rate_100K,2.1,1.9,1.8,2.5,2.2,,,,,
"British Columbia, place of residence",Females,"Other diseases of respiratory system  [J00-J06, J30-J39, J67, J70-J98]",nr_deaths,190,201,181,165,210,,,,,
"British Columbia, place of residence",Females,"Other diseases of respiratory system  [J00-J06, J30-J39, J67, J70-J98]",mort_rate_100K,5.7,5.9,5.1,4.5,5.6,,,,,
"British Columbia, place of residence",Females,Peptic ulcer  [K25-K28],nr_deaths,32,29,32,37,40,,,,,
"British Columbia, place of residence",Females,Peptic ulcer  [K25-K28],mort_rate_100K,1,0.8,0.9,1,1,,,,,
"British Columbia, place of residence",Females,Diseases of appendix  [K35-K38],nr_deaths,4,3,1,3,4,,,,,
"British Columbia, place of residence",Females,Diseases of appendix  [K35-K38],mort_rate_100K,0.2,0.1,0,0.1,0.1,,,,,
"British Columbia, place of residence",Females,Hernia  [K40-K46],nr_deaths,20,19,16,28,29,,,,,
"British Columbia, place of residence",Females,Hernia  [K40-K46],mort_rate_100K,0.5,0.5,0.4,0.7,0.8,,,,,
"British Columbia, place of residence",Females,"Chronic liver disease and cirrhosis  [K70, K73-K74]",nr_deaths,183,203,224,265,259,,,,,
"British Columbia, place of residence",Females,"Chronic liver disease and cirrhosis  [K70, K73-K74]",mort_rate_100K,6.3,6.9,7.6,8.8,8.2,,,,,
"British Columbia, place of residence",Females,Cholelithiasis and other disorders of gallbladder  [K80-K82],nr_deaths,17,33,26,38,39,,,,,
"British Columbia, place of residence",Females,Cholelithiasis and other disorders of gallbladder  [K80-K82],mort_rate_100K,0.5,0.8,0.7,1,1,,,,,
"British Columbia, place of residence",Females,"Nephritis, nephrotic syndrome and nephrosis  [N00-N07, N17-N19, N25-N27]",nr_deaths,171,175,199,200,204,,,,,
"British Columbia, place of residence",Females,"Nephritis, nephrotic syndrome and nephrosis  [N00-N07, N17-N19, N25-N27]",mort_rate_100K,4.7,4.6,5.1,5,5,,,,,
"British Columbia, place of residence",Females,"Infections of kidney  [N10-N12, N13.6, N15.1]",nr_deaths,5,9,8,7,11,,,,,
"British Columbia, place of residence",Females,"Infections of kidney  [N10-N12, N13.6, N15.1]",mort_rate_100K,0.2,0.2,0.2,0.2,0.3,,,,,
"British Columbia, place of residence",Females,Hyperplasia of prostate  [N40],nr_deaths,...,...,...,...,...,,,,,
"British Columbia, place of residence",Females,Hyperplasia of prostate  [N40],mort_rate_100K,...,...,...,...,...,,,,,
"British Columbia, place of residence",Females,Inflammatory diseases of female pelvic organs  [N70-N76],nr_deaths,1,1,3,5,4,,,,,
"British Columbia, place of residence",Females,Inflammatory diseases of female pelvic organs  [N70-N76],mort_rate_100K,0,0,0.1,0.1,0.1,,,,,
"British Columbia, place of residence",Females,"Pregnancy, childbirth and the puerperium  [O00-O99]",nr_deaths,3,5,0,1,4,,,,,
"British Columbia, place of residence",Females,"Pregnancy, childbirth and the puerperium  [O00-O99]",mort_rate_100K,0.1,0.2,0,0,0.1,,,,,
"British Columbia, place of residence",Females,Certain conditions originating in the perinatal period  [P00-P96],nr_deaths,45,39,41,37,57,,,,,
"British Columbia, place of residence",Females,Certain conditions originating in the perinatal period  [P00-P96],mort_rate_100K,2.3,2,2.2,1.9,3,,,,,
"British Columbia, place of residence",Females,"Congenital malformations, deformations and chromosomal abnormalities  [Q00-Q99]",nr_deaths,56,49,58,63,60,,,,,
"British Columbia, place of residence",Females,"Congenital malformations, deformations and chromosomal abnormalities  [Q00-Q99]",mort_rate_100K,2.3,2,2.4,2.5,2.2,,,,,
"British Columbia, place of residence",Females,"Symptoms, signs and abnormal clinical and laboratory findings, not elsewhere classified  [R00-R99]",nr_deaths,276,371,933,"1,172",952,,,,,
"British Columbia, place of residence",Females,"Symptoms, signs and abnormal clinical and laboratory findings, not elsewhere classified  [R00-R99]",mort_rate_100K,9.6,12.4,32.3,37.7,30.6,,,,,
"British Columbia, place of residence",Females,"COVID-19  [U07.1, U07.2, U10.9]",nr_deaths,..,..,423,691,964,,,,,
"British Columbia, place of residence",Females,"COVID-19  [U07.1, U07.2, U10.9]",mort_rate_100K,..,..,10.9,19.5,24.5,,,,,
"British Columbia, place of residence",Females,All other diseases (residual) 26,nr_deaths,"1,469","1,517","1,537","1,651","1,755",,,,,
"British Columbia, place of residence",Females,All other diseases (residual) 26,mort_rate_100K,43.7,44.2,43.3,45.5,46.6,,,,,
"British Columbia, place of residence",Females,"Accidents (unintentional injuries)  [V01-X59, Y85-Y86]",nr_deaths,727,616,358,847,691,,,,,
"British Columbia, place of residence",Females,"Accidents (unintentional injuries)  [V01-X59, Y85-Y86]",mort_rate_100K,24.8,20.1,10,26.8,22.2,,,,,
"British Columbia, place of residence",Females,"Intentional self-harm (suicide)  [X60-X84, Y87.0]",nr_deaths,140,141,101,67,43,,,,,
"British Columbia, place of residence",Females,"Intentional self-harm (suicide)  [X60-X84, Y87.0]",mort_rate_100K,5.4,5.5,3.8,2.6,1.6,,,,,
"British Columbia, place of residence",Females,"Assault (homicide)  [X85-Y09, Y87.1]",nr_deaths,3,4,2,3,0,,,,,
"British Columbia, place of residence",Females,"Assault (homicide)  [X85-Y09, Y87.1]",mort_rate_100K,0.1,0.1,0.1,0.1,0,,,,,
"British Columbia, place of residence",Females,"Legal intervention  [Y35, Y89.0]",nr_deaths,0,0,0,0,0,,,,,
"British Columbia, place of residence",Females,"Legal intervention  [Y35, Y89.0]",mort_rate_100K,0,0,0,0,0,,,,,
"British Columbia, place of residence",Females,"Events of undetermined intent  [Y10-Y34, Y87.2, Y89.9]",nr_deaths,10,3,5,6,6,,,,,
"British Columbia, place of residence",Females,"Events of undetermined intent  [Y10-Y34, Y87.2, Y89.9]",mort_rate_100K,0.4,0.1,0.2,0.3,0.2,,,,,
"British Columbia, place of residence",Females,"Operations of war and their sequelae  [Y36, Y89.1]",nr_deaths,0,0,0,0,0,,,,,
"British Columbia, place of residence",Females,"Operations of war and their sequelae  [Y36, Y89.1]",mort_rate_100K,0,0,0,0,0,,,,,
"British Columbia, place of residence",Females,"Complications of medical and surgical care  [Y40-Y84, Y88]",nr_deaths,7,13,5,10,8,,,,,
"British Columbia, place of residence",Females,"Complications of medical and surgical care  [Y40-Y84, Y88]",mort_rate_100K,0.2,0.4,0.2,0.3,0.2,,,,,
,,,,,,,,,,,,,
,,,,,,,,,,,,,
,,,,,,,,,,,,,
,,,,,,,,,,,,,
,,,,,,,,,,,,,
,,,,,,,,,,,,,
,,,,,,,,,,,,,
,,,,,,,,,,,,,
,,,,,,,,,,,,,
,,,,,,,,,,,,,
,,,,,,,,,,,,,
,,,,,,,,,,,,,
,,,,,,,,,,,,,
,,,,,,,,,,,,,
,,,,,,,,,,,,,
,,,,,,,,,,,,,
,,,,,,,,,,,,,
,,,,,,,,,,,,,
,,,,,,,,,, Pregnancy with abortive outcome [O00-O07] and Other complications of pregnancy, childbirth and the puerperium [O10-O99]. Prior to the correction, the rates for these 9 groups were calculated using either the male or female population; the corrected values use the combined male-female population," making them consistent with the 2010 and 2011 rates."""
